<powerpagecomponent powerpagecomponentid="0b5cd021-ff7b-4504-981c-a39a3bc8f71a">
  <content>{"modifiedon":"2024-04-23T12:50:34Z","contentdisposition":756150000,"displayorder":10,"enabletracking":false,"excludefromsearch":true,"hiddenfromsitemap":false,"parentpageid":"8bc31e9d-6d7c-451f-a670-68041928e612","partialurl":"portalbasictheme.css","publishingstateid":"6e339278-347b-4c19-95ce-782b066f7454"}</content>
  <filecontent mimetype="text/css">portalbasictheme.css</filecontent>
  <iscustomizable>1</iscustomizable>
  <name>portalbasictheme.css</name>
  <powerpagecomponenttype>3</powerpagecomponenttype>
  <powerpagesiteid>
    <powerpagesiteid>85c0ce8d-df89-4ea2-877e-017c0b9df2b7</powerpagesiteid>
  </powerpagesiteid>
  <statecode>0</statecode>
  <statuscode>1</statuscode>
</powerpagecomponent>