<powerpagecomponent powerpagecomponentid="05a84491-df79-42d8-8863-60c84a06733a">
  <content>{"createdOn":"2024-04-24T13:43:25.921Z","parentpageid":"8bc31e9d-6d7c-451f-a670-68041928e612","publishingstateid":"6e339278-347b-4c19-95ce-782b066f7454","partialurl":"Woman-exercising-on-waterfront.jpg","title":"","summary":"","enabletracking":false,"excludefromsearch":false,"hiddenfromsitemap":false}</content>
  <filecontent mimetype="image/jpeg">Woman-exercising-on-waterfront.jpg</filecontent>
  <iscustomizable>1</iscustomizable>
  <name>Woman-exercising-on-waterfront.jpg</name>
  <powerpagecomponenttype>3</powerpagecomponenttype>
  <powerpagesiteid>
    <powerpagesiteid>85c0ce8d-df89-4ea2-877e-017c0b9df2b7</powerpagesiteid>
  </powerpagesiteid>
  <statecode>0</statecode>
  <statuscode>1</statuscode>
</powerpagecomponent>