<powerpagesitelanguages>
  <powerpagesitelanguage powerpagesitelanguageid="2d45039e-31ad-4637-af16-4022cf63d280">
    <content>{"publishingstate":"6e339278-347b-4c19-95ce-782b066f7454","systemlanguage":1033}</content>
    <displayname>English</displayname>
    <iscustomizable>1</iscustomizable>
    <languagecode>en-US</languagecode>
    <lcid>1033</lcid>
    <name>English</name>
    <powerpagesiteid>
      <powerpagesiteid>85c0ce8d-df89-4ea2-877e-017c0b9df2b7</powerpagesiteid>
    </powerpagesiteid>
    <statecode>0</statecode>
    <statuscode>1</statuscode>
  </powerpagesitelanguage>
</powerpagesitelanguages>