<powerpagecomponent powerpagecomponentid="02903602-0272-41ea-85b0-d508c665e2dc">
  <content>{"description":"Used to group a set of entities under an entry in the record type facet view.","value":"Downloads:annotation,adx_webfile"}</content>
  <iscustomizable>1</iscustomizable>
  <name>Search/RecordTypeFacetsEntities</name>
  <powerpagecomponenttype>9</powerpagecomponenttype>
  <powerpagesiteid>
    <powerpagesiteid>85c0ce8d-df89-4ea2-877e-017c0b9df2b7</powerpagesiteid>
  </powerpagesiteid>
  <statecode>0</statecode>
  <statuscode>1</statuscode>
</powerpagecomponent>