<powerpagecomponent powerpagecomponentid="e557da80-a33f-41ce-94fc-a971cc8bfe7b">
  <content>{"source":"&lt;!-- Default studio template. Please do not modify --&gt;\r\n&lt;div id='mainContent' class='wrapper-body' role='main'&gt;\r\n  {% include 'Page Copy' %}\r\n&lt;/div&gt;\r\n"}</content>
  <iscustomizable>1</iscustomizable>
  <name>Default studio template</name>
  <powerpagecomponenttype>8</powerpagecomponenttype>
  <powerpagesiteid>
    <powerpagesiteid>85c0ce8d-df89-4ea2-877e-017c0b9df2b7</powerpagesiteid>
  </powerpagesiteid>
  <statecode>0</statecode>
  <statuscode>1</statuscode>
</powerpagecomponent>