<powerpagecomponent powerpagecomponentid="3a3cd2bf-2a43-4f97-b022-9573d632014f">
  <content>{"createdOn":"2024-04-24T15:11:44.126Z","parentpageid":"8bc31e9d-6d7c-451f-a670-68041928e612","publishingstateid":"6e339278-347b-4c19-95ce-782b066f7454","partialurl":"Fighter-wrapping-hands-with-tape.jpg","title":"","summary":"","enabletracking":false,"excludefromsearch":false,"hiddenfromsitemap":false}</content>
  <filecontent mimetype="image/jpeg">Fighter-wrapping-hands-with-tape.jpg</filecontent>
  <iscustomizable>1</iscustomizable>
  <name>Fighter-wrapping-hands-with-tape.jpg</name>
  <powerpagecomponenttype>3</powerpagecomponenttype>
  <powerpagesiteid>
    <powerpagesiteid>85c0ce8d-df89-4ea2-877e-017c0b9df2b7</powerpagesiteid>
  </powerpagesiteid>
  <statecode>0</statecode>
  <statuscode>1</statuscode>
</powerpagecomponent>