<powerpagecomponent powerpagecomponentid="d74886dd-1f7d-4f1f-99da-178ec2aa4203">
  <content>{"createdOn":"2024-04-24T15:10:50.124Z","parentpageid":"8bc31e9d-6d7c-451f-a670-68041928e612","publishingstateid":"6e339278-347b-4c19-95ce-782b066f7454","partialurl":"Monochrome-backpack-with-school-supplies.jpg","title":"","summary":"","enabletracking":false,"excludefromsearch":false,"hiddenfromsitemap":false}</content>
  <filecontent mimetype="image/jpeg">Monochrome-backpack-with-school-supplies.jpg</filecontent>
  <iscustomizable>1</iscustomizable>
  <name>Monochrome-backpack-with-school-supplies.jpg</name>
  <powerpagecomponenttype>3</powerpagecomponenttype>
  <powerpagesiteid>
    <powerpagesiteid>85c0ce8d-df89-4ea2-877e-017c0b9df2b7</powerpagesiteid>
  </powerpagesiteid>
  <statecode>0</statecode>
  <statuscode>1</statuscode>
</powerpagecomponent>