<powerpagecomponent powerpagecomponentid="a40e3b7e-be84-4bd6-902b-4ed139ffdb6c">
  <content>{"enablerating":false,"enabletracking":false,"excludefromsearch":true,"feedbackpolicy":756150000,"hiddenfromsitemap":true,"isroot":true,"pagetemplateid":"a02830d6-3835-43b0-882e-9678b251695e","parentpageid":"8bc31e9d-6d7c-451f-a670-68041928e612","partialurl":"page-not-found","publishingstateid":"6e339278-347b-4c19-95ce-782b066f7454","sharedpageconfiguration":false}</content>
  <iscustomizable>1</iscustomizable>
  <name>Page Not Found</name>
  <powerpagecomponenttype>2</powerpagecomponenttype>
  <powerpagesiteid>
    <powerpagesiteid>85c0ce8d-df89-4ea2-877e-017c0b9df2b7</powerpagesiteid>
  </powerpagesiteid>
  <searchcontent>Page Not Found</searchcontent>
  <statecode>0</statecode>
  <statuscode>1</statuscode>
</powerpagecomponent>