<powerpagecomponent powerpagecomponentid="a14ff7a6-02a1-4055-b862-0e7bff548234">
  <content>{"contentdisposition":756150000,"enabletracking":false,"excludefromsearch":false,"hiddenfromsitemap":false,"parentpageid":"8bc31e9d-6d7c-451f-a670-68041928e612","partialurl":"Picture1.png","publishingstateid":"6e339278-347b-4c19-95ce-782b066f7454"}</content>
  <filecontent mimetype="application/octet-stream">Picture1.png</filecontent>
  <iscustomizable>1</iscustomizable>
  <name>Picture1.png</name>
  <powerpagecomponenttype>3</powerpagecomponenttype>
  <powerpagesiteid>
    <powerpagesiteid>85c0ce8d-df89-4ea2-877e-017c0b9df2b7</powerpagesiteid>
  </powerpagesiteid>
  <statecode>0</statecode>
  <statuscode>1</statuscode>
</powerpagecomponent>