<powerpagecomponent powerpagecomponentid="9c6a77af-faf1-4ad2-8659-694c1aa2dd02">
  <content>{"createdOn":"2024-04-23T13:16:08.655Z","parentpageid":"8bc31e9d-6d7c-451f-a670-68041928e612","publishingstateid":"6e339278-347b-4c19-95ce-782b066f7454","partialurl":"Workout-equipment-lined-up-in-gym-lit-by-sun-through-window.jpg","title":"","summary":"","enabletracking":false,"excludefromsearch":false,"hiddenfromsitemap":false}</content>
  <filecontent mimetype="image/jpeg">Workout-equipment-lined-up-in-gym-lit-by-sun-through-window.jpg</filecontent>
  <iscustomizable>1</iscustomizable>
  <name>Workout-equipment-lined-up-in-gym-lit-by-sun-through-window.jpg</name>
  <powerpagecomponenttype>3</powerpagecomponenttype>
  <powerpagesiteid>
    <powerpagesiteid>85c0ce8d-df89-4ea2-877e-017c0b9df2b7</powerpagesiteid>
  </powerpagesiteid>
  <statecode>0</statecode>
  <statuscode>1</statuscode>
</powerpagecomponent>