<ImportExportXml version="9.2.24041.212" SolutionPackageVersion="9.2" languagecode="1033" generatedBy="CrmLive" xmlns:xsi="http://www.w3.org/2001/XMLSchema-instance">
  <SolutionManifest>
    <UniqueName>GymBot_Avengens</UniqueName>
    <LocalizedNames>
      <LocalizedName description="GymBot_Avengens" languagecode="1033" />
    </LocalizedNames>
    <Descriptions />
    <Version>1.0.0.1</Version>
    <Managed>1</Managed>
    <Publisher>
      <UniqueName>Cr4d022</UniqueName>
      <LocalizedNames>
        <LocalizedName description="CDS Default Publisher" languagecode="1033" />
      </LocalizedNames>
      <Descriptions />
      <EMailAddress xsi:nil="true"></EMailAddress>
      <SupportingWebsiteUrl xsi:nil="true"></SupportingWebsiteUrl>
      <CustomizationPrefix>cr4ab</CustomizationPrefix>
      <CustomizationOptionValuePrefix>76871</CustomizationOptionValuePrefix>
      <Addresses>
        <Address>
          <AddressNumber>1</AddressNumber>
          <AddressTypeCode xsi:nil="true"></AddressTypeCode>
          <City xsi:nil="true"></City>
          <County xsi:nil="true"></County>
          <Country xsi:nil="true"></Country>
          <Fax xsi:nil="true"></Fax>
          <FreightTermsCode xsi:nil="true"></FreightTermsCode>
          <ImportSequenceNumber xsi:nil="true"></ImportSequenceNumber>
          <Latitude xsi:nil="true"></Latitude>
          <Line1 xsi:nil="true"></Line1>
          <Line2 xsi:nil="true"></Line2>
          <Line3 xsi:nil="true"></Line3>
          <Longitude xsi:nil="true"></Longitude>
          <Name xsi:nil="true"></Name>
          <PostalCode xsi:nil="true"></PostalCode>
          <PostOfficeBox xsi:nil="true"></PostOfficeBox>
          <PrimaryContactName xsi:nil="true"></PrimaryContactName>
          <ShippingMethodCode xsi:nil="true"></ShippingMethodCode>
          <StateOrProvince xsi:nil="true"></StateOrProvince>
          <Telephone1 xsi:nil="true"></Telephone1>
          <Telephone2 xsi:nil="true"></Telephone2>
          <Telephone3 xsi:nil="true"></Telephone3>
          <TimeZoneRuleVersionNumber xsi:nil="true"></TimeZoneRuleVersionNumber>
          <UPSZone xsi:nil="true"></UPSZone>
          <UTCOffset xsi:nil="true"></UTCOffset>
          <UTCConversionTimeZoneCode xsi:nil="true"></UTCConversionTimeZoneCode>
        </Address>
        <Address>
          <AddressNumber>2</AddressNumber>
          <AddressTypeCode xsi:nil="true"></AddressTypeCode>
          <City xsi:nil="true"></City>
          <County xsi:nil="true"></County>
          <Country xsi:nil="true"></Country>
          <Fax xsi:nil="true"></Fax>
          <FreightTermsCode xsi:nil="true"></FreightTermsCode>
          <ImportSequenceNumber xsi:nil="true"></ImportSequenceNumber>
          <Latitude xsi:nil="true"></Latitude>
          <Line1 xsi:nil="true"></Line1>
          <Line2 xsi:nil="true"></Line2>
          <Line3 xsi:nil="true"></Line3>
          <Longitude xsi:nil="true"></Longitude>
          <Name xsi:nil="true"></Name>
          <PostalCode xsi:nil="true"></PostalCode>
          <PostOfficeBox xsi:nil="true"></PostOfficeBox>
          <PrimaryContactName xsi:nil="true"></PrimaryContactName>
          <ShippingMethodCode xsi:nil="true"></ShippingMethodCode>
          <StateOrProvince xsi:nil="true"></StateOrProvince>
          <Telephone1 xsi:nil="true"></Telephone1>
          <Telephone2 xsi:nil="true"></Telephone2>
          <Telephone3 xsi:nil="true"></Telephone3>
          <TimeZoneRuleVersionNumber xsi:nil="true"></TimeZoneRuleVersionNumber>
          <UPSZone xsi:nil="true"></UPSZone>
          <UTCOffset xsi:nil="true"></UTCOffset>
          <UTCConversionTimeZoneCode xsi:nil="true"></UTCConversionTimeZoneCode>
        </Address>
      </Addresses>
    </Publisher>
    <RootComponents>
      <RootComponent type="29" id="{0ce31c90-bb00-ef11-9f89-000d3a47f3c7}" behavior="0" />
      <RootComponent type="29" id="{15d4ab0d-5b01-ef11-9f89-000d3a47f3c7}" behavior="0" />
      <RootComponent type="29" id="{1ce6000d-5efe-ee11-a1fe-000d3a47f3c7}" behavior="0" />
      <RootComponent type="29" id="{41238c8c-8801-ef11-9f89-000d3a47f3c7}" behavior="0" />
      <RootComponent type="29" id="{5e6fe16b-bf00-ef11-9f89-000d3a47f3c7}" behavior="0" />
      <RootComponent type="29" id="{916f0ff8-8b00-ef11-9f89-000d3a47f3c7}" behavior="0" />
      <RootComponent type="29" id="{d648ef18-5d01-ef11-9f89-000d3a47f3c7}" behavior="0" />
      <RootComponent type="29" id="{f5967df1-ba00-ef11-9f89-000d3a47f3c7}" behavior="0" />
      <RootComponent type="29" id="{fa8abe7d-5f01-ef11-9f89-000d3a47f3c7}" behavior="0" />
      <RootComponent type="29" id="{fc4eb89b-5901-ef11-9f89-000d3a47f3c7}" behavior="0" />
    </RootComponents>
    <MissingDependencies>
      <MissingDependency>
        <Required type="connectionreference" displayName="cr4ab_sharedoffice365_29d6e" solution="Active" id.connectionreferencelogicalname="cr4ab_sharedoffice365_29d6e" />
        <Dependent type="29" displayName="HorarioFlow" id="{1ce6000d-5efe-ee11-a1fe-000d3a47f3c7}" />
      </MissingDependency>
      <MissingDependency>
        <Required type="connectionreference" displayName="cr4ab_sharedoffice365_29d6e" solution="Active" id.connectionreferencelogicalname="cr4ab_sharedoffice365_29d6e" />
        <Dependent type="29" displayName="EmailRecibo" id="{fa8abe7d-5f01-ef11-9f89-000d3a47f3c7}" />
      </MissingDependency>
      <MissingDependency>
        <Required type="connectionreference" displayName="cr4ab_sharedsharepointonline_51b36" solution="Active" id.connectionreferencelogicalname="cr4ab_sharedsharepointonline_51b36" />
        <Dependent type="29" displayName="GetIdProduto" id="{0ce31c90-bb00-ef11-9f89-000d3a47f3c7}" />
      </MissingDependency>
      <MissingDependency>
        <Required type="connectionreference" displayName="cr4ab_sharedsharepointonline_51b36" solution="Active" id.connectionreferencelogicalname="cr4ab_sharedsharepointonline_51b36" />
        <Dependent type="29" displayName="GetPreco" id="{15d4ab0d-5b01-ef11-9f89-000d3a47f3c7}" />
      </MissingDependency>
      <MissingDependency>
        <Required type="connectionreference" displayName="cr4ab_sharedsharepointonline_51b36" solution="Active" id.connectionreferencelogicalname="cr4ab_sharedsharepointonline_51b36" />
        <Dependent type="29" displayName="StockSuficiente" id="{41238c8c-8801-ef11-9f89-000d3a47f3c7}" />
      </MissingDependency>
      <MissingDependency>
        <Required type="connectionreference" displayName="cr4ab_sharedsharepointonline_51b36" solution="Active" id.connectionreferencelogicalname="cr4ab_sharedsharepointonline_51b36" />
        <Dependent type="29" displayName="TemStock" id="{5e6fe16b-bf00-ef11-9f89-000d3a47f3c7}" />
      </MissingDependency>
      <MissingDependency>
        <Required type="connectionreference" displayName="cr4ab_sharedsharepointonline_51b36" solution="Active" id.connectionreferencelogicalname="cr4ab_sharedsharepointonline_51b36" />
        <Dependent type="29" displayName="GetHorarioModalidade" id="{916f0ff8-8b00-ef11-9f89-000d3a47f3c7}" />
      </MissingDependency>
      <MissingDependency>
        <Required type="connectionreference" displayName="cr4ab_sharedsharepointonline_51b36" solution="Active" id.connectionreferencelogicalname="cr4ab_sharedsharepointonline_51b36" />
        <Dependent type="29" displayName="AtualizaStock" id="{d648ef18-5d01-ef11-9f89-000d3a47f3c7}" />
      </MissingDependency>
      <MissingDependency>
        <Required type="connectionreference" displayName="cr4ab_sharedsharepointonline_51b36" solution="Active" id.connectionreferencelogicalname="cr4ab_sharedsharepointonline_51b36" />
        <Dependent type="29" displayName="GetPrecoENome" id="{f5967df1-ba00-ef11-9f89-000d3a47f3c7}" />
      </MissingDependency>
      <MissingDependency>
        <Required type="connectionreference" displayName="cr4ab_sharedsharepointonline_51b36" solution="Active" id.connectionreferencelogicalname="cr4ab_sharedsharepointonline_51b36" />
        <Dependent type="29" displayName="NovaVenda" id="{fc4eb89b-5901-ef11-9f89-000d3a47f3c7}" />
      </MissingDependency>
    </MissingDependencies>
  </SolutionManifest>
</ImportExportXml>