<powerpagecomponent powerpagecomponentid="889290d6-6b93-4afd-84a4-04d25227ea23">
  <content>{"createdOn":"2024-04-23T13:24:06.927Z","parentpageid":"8bc31e9d-6d7c-451f-a670-68041928e612","publishingstateid":"6e339278-347b-4c19-95ce-782b066f7454","partialurl":"Group-of-young-people-huddling-in-gym.jpg","title":"","summary":"","enabletracking":false,"excludefromsearch":false,"hiddenfromsitemap":false}</content>
  <filecontent mimetype="image/jpeg">Group-of-young-people-huddling-in-gym.jpg</filecontent>
  <iscustomizable>1</iscustomizable>
  <name>Group-of-young-people-huddling-in-gym.jpg</name>
  <powerpagecomponenttype>3</powerpagecomponenttype>
  <powerpagesiteid>
    <powerpagesiteid>85c0ce8d-df89-4ea2-877e-017c0b9df2b7</powerpagesiteid>
  </powerpagesiteid>
  <statecode>0</statecode>
  <statuscode>1</statuscode>
</powerpagecomponent>