<powerpagecomponent powerpagecomponentid="bd9fb33d-08a4-43c3-a4c8-6eff76e7e073">
  <content>{"createdOn":"2024-04-24T10:10:49.048Z","parentpageid":"8bc31e9d-6d7c-451f-a670-68041928e612","publishingstateid":"6e339278-347b-4c19-95ce-782b066f7454","partialurl":"Running-on-treadmill.jpg","title":"","summary":"","enabletracking":false,"excludefromsearch":false,"hiddenfromsitemap":false}</content>
  <filecontent mimetype="image/jpeg">Running-on-treadmill.jpg</filecontent>
  <iscustomizable>1</iscustomizable>
  <name>Running-on-treadmill.jpg</name>
  <powerpagecomponenttype>3</powerpagecomponenttype>
  <powerpagesiteid>
    <powerpagesiteid>85c0ce8d-df89-4ea2-877e-017c0b9df2b7</powerpagesiteid>
  </powerpagesiteid>
  <statecode>0</statecode>
  <statuscode>1</statuscode>
</powerpagecomponent>