<powerpagecomponent powerpagecomponentid="b6681b0e-bbf8-4d54-b11d-dd82636c74b5">
  <content>{"createdOn":"2024-04-23T12:59:08.684Z","parentpageid":"8bc31e9d-6d7c-451f-a670-68041928e612","publishingstateid":"6e339278-347b-4c19-95ce-782b066f7454","partialurl":"Confused-person-outline.png","title":"","summary":"","enabletracking":false,"excludefromsearch":false,"hiddenfromsitemap":false}</content>
  <filecontent mimetype="image/png">Confused-person-outline.png</filecontent>
  <iscustomizable>1</iscustomizable>
  <name>Confused-person-outline.png</name>
  <powerpagecomponenttype>3</powerpagecomponenttype>
  <powerpagesiteid>
    <powerpagesiteid>85c0ce8d-df89-4ea2-877e-017c0b9df2b7</powerpagesiteid>
  </powerpagesiteid>
  <statecode>0</statecode>
  <statuscode>1</statuscode>
</powerpagecomponent>