<powerpagecomponent powerpagecomponentid="5d55fab5-13b1-4f27-81aa-0526e5945a75">
  <content>{"createdOn":"2024-04-24T13:22:12.980Z","parentpageid":"8bc31e9d-6d7c-451f-a670-68041928e612","publishingstateid":"6e339278-347b-4c19-95ce-782b066f7454","partialurl":"Interior-decorating-tools-laid-on-architectural-plan.jpg","title":"","summary":"","enabletracking":false,"excludefromsearch":false,"hiddenfromsitemap":false}</content>
  <filecontent mimetype="image/jpeg">Interior-decorating-tools-laid-on-architectural-plan.jpg</filecontent>
  <iscustomizable>1</iscustomizable>
  <name>Interior-decorating-tools-laid-on-architectural-plan.jpg</name>
  <powerpagecomponenttype>3</powerpagecomponenttype>
  <powerpagesiteid>
    <powerpagesiteid>85c0ce8d-df89-4ea2-877e-017c0b9df2b7</powerpagesiteid>
  </powerpagesiteid>
  <statecode>0</statecode>
  <statuscode>1</statuscode>
</powerpagecomponent>