{
  "properties": {
    "connectionReferences": {
      "shared_commondataserviceforapps": {
        "impersonation": {},
        "runtimeSource": "embedded",
        "connection": {
          "connectionReferenceLogicalName": "crfe1_sharedcommondataserviceforapps_8fbf9"
        },
        "api": {
          "name": "shared_commondataserviceforapps"
        }
      },
      "shared_commondataserviceforapps-1": {
        "impersonation": {},
        "runtimeSource": "embedded",
        "connection": {
          "connectionReferenceLogicalName": "crfe1_sharedcommondataserviceforapps_2675d"
        },
        "api": {
          "name": "shared_commondataserviceforapps"
        }
      },
      "shared_gmail": {
        "runtimeSource": "embedded",
        "connection": {
          "connectionReferenceLogicalName": "crfe1_sharedgmail_827af"
        },
        "api": {
          "name": "shared_gmail"
        }
      }
    },
    "definition": {
      "$schema": "https://schema.management.azure.com/providers/Microsoft.Logic/schemas/2016-06-01/workflowdefinition.json#",
      "contentVersion": "1.0.0.0",
      "parameters": {
        "$authentication": {
          "defaultValue": {},
          "type": "SecureObject"
        },
        "$connections": {
          "defaultValue": {},
          "type": "Object"
        }
      },
      "triggers": {
        "When_a_row_is_added,_modified_or_deleted": {
          "type": "OpenApiConnectionWebhook",
          "inputs": {
            "parameters": {
              "subscriptionRequest/message": 1,
              "subscriptionRequest/entityname": "crfe1_f_vendas_2",
              "subscriptionRequest/scope": 4
            },
            "host": {
              "apiId": "/providers/Microsoft.PowerApps/apis/shared_commondataserviceforapps",
              "connectionName": "shared_commondataserviceforapps",
              "operationId": "SubscribeWebhookTrigger"
            },
            "authentication": "@parameters('$authentication')"
          }
        }
      },
      "actions": {
        "Condition": {
          "actions": {
            "Update_a_row": {
              "type": "OpenApiConnection",
              "inputs": {
                "parameters": {
                  "entityName": "crfe1_f_vendas_2s",
                  "recordId": "@triggerBody()?['crfe1_f_vendas_2id']",
                  "item/crfe1_categoria": "Teste_BPF",
                  "item/crfe1_frete_recolha": 1
                },
                "host": {
                  "apiId": "/providers/Microsoft.PowerApps/apis/shared_commondataserviceforapps",
                  "connectionName": "shared_commondataserviceforapps-1",
                  "operationId": "UpdateRecord"
                },
                "authentication": "@parameters('$authentication')"
              }
            },
            "Send_email_(V2)_1": {
              "runAfter": {
                "Update_a_row": [
                  "Succeeded"
                ]
              },
              "type": "OpenApiConnection",
              "inputs": {
                "parameters": {
                  "emailMessage/To": "fabiocosta.ad88@gmail.com",
                  "emailMessage/Subject": "Flow_BPF",
                  "emailMessage/Body": "<p>Entrou no true</p>"
                },
                "host": {
                  "apiId": "/providers/Microsoft.PowerApps/apis/shared_gmail",
                  "connectionName": "shared_gmail",
                  "operationId": "SendEmailV2"
                },
                "authentication": "@parameters('$authentication')"
              }
            }
          },
          "runAfter": {},
          "else": {
            "actions": {
              "Send_email_(V2)": {
                "runAfter": {
                  "Update_a_row_1": [
                    "Succeeded"
                  ]
                },
                "type": "OpenApiConnection",
                "inputs": {
                  "parameters": {
                    "emailMessage/To": "fabiocosta.ad88@gmail.com",
                    "emailMessage/Subject": "Flow_BPF",
                    "emailMessage/Body": "<p>Entrou no Falso</p>"
                  },
                  "host": {
                    "apiId": "/providers/Microsoft.PowerApps/apis/shared_gmail",
                    "connectionName": "shared_gmail",
                    "operationId": "SendEmailV2"
                  },
                  "authentication": "@parameters('$authentication')"
                }
              },
              "Update_a_row_1": {
                "type": "OpenApiConnection",
                "inputs": {
                  "parameters": {
                    "entityName": "crfe1_f_vendas_2s",
                    "recordId": "@triggerBody()?['crfe1_f_vendas_2id']",
                    "item/crfe1_categoria": "ttt",
                    "item/crfe1_frete_recolha": 0
                  },
                  "host": {
                    "apiId": "/providers/Microsoft.PowerApps/apis/shared_commondataserviceforapps",
                    "connectionName": "shared_commondataserviceforapps-1",
                    "operationId": "UpdateRecord"
                  },
                  "authentication": "@parameters('$authentication')"
                }
              }
            }
          },
          "expression": {
            "and": [
              {
                "equals": [
                  "@triggerBody()?['crfe1_frete_recolha']",
                  1
                ]
              }
            ]
          },
          "type": "If"
        }
      },
      "outputs": {}
    },
    "templateName": null
  },
  "schemaVersion": "1.0.0.0"
}