{
  "properties": {
    "connectionReferences": {
      "shared_onedriveforbusiness": {
        "runtimeSource": "invoker",
        "connection": {
          "connectionReferenceLogicalName": "crfe1_sharedonedriveforbusiness_cc939"
        },
        "api": {
          "name": "shared_onedriveforbusiness"
        }
      },
      "shared_office365": {
        "runtimeSource": "invoker",
        "connection": {
          "connectionReferenceLogicalName": "crfe1_sharedoffice365_f7b53"
        },
        "api": {
          "name": "shared_office365"
        }
      }
    },
    "definition": {
      "$schema": "https://schema.management.azure.com/providers/Microsoft.Logic/schemas/2016-06-01/workflowdefinition.json#",
      "contentVersion": "undefined",
      "parameters": {
        "$authentication": {
          "defaultValue": {},
          "type": "SecureObject"
        },
        "$connections": {
          "defaultValue": {},
          "type": "Object"
        }
      },
      "triggers": {
        "manual": {
          "type": "Request",
          "kind": "Button",
          "inputs": {
            "schema": {
              "type": "object",
              "properties": {},
              "required": []
            }
          }
        }
      },
      "actions": {
        "Get_file_content": {
          "runAfter": {},
          "metadata": {
            "b!TC90SwwHBkuIT8rhSCUXBvZnFJdLzipNtz1DJf2qitVeKTEml0YWR5KozqwUgjKs.01YXNJNMQMSCU22CQLRVG3FHYPMFZYJ2UQ": "/gym3d.JPG"
          },
          "type": "OpenApiConnection",
          "inputs": {
            "parameters": {
              "id": "b!TC90SwwHBkuIT8rhSCUXBvZnFJdLzipNtz1DJf2qitVeKTEml0YWR5KozqwUgjKs.01YXNJNMQMSCU22CQLRVG3FHYPMFZYJ2UQ",
              "inferContentType": true
            },
            "host": {
              "apiId": "/providers/Microsoft.PowerApps/apis/shared_onedriveforbusiness",
              "connectionName": "shared_onedriveforbusiness",
              "operationId": "GetFileContent"
            },
            "authentication": {
              "value": "@json(decodeBase64(triggerOutputs().headers['X-MS-APIM-Tokens']))['$ConnectionKey']",
              "type": "Raw"
            }
          }
        },
        "Compose": {
          "runAfter": {
            "Get_file_content": [
              "Succeeded"
            ]
          },
          "type": "Compose",
          "inputs": "@dataUri(body('Get_file_content'))"
        },
        "Initialize_variable": {
          "runAfter": {
            "Compose": [
              "Succeeded"
            ]
          },
          "type": "InitializeVariable",
          "inputs": {
            "variables": [
              {
                "name": "HTML",
                "type": "string",
                "value": "@{concat('<img src=\"',outputs('Compose'),'\" alt=\"imagem\"/>')}"
              }
            ]
          }
        },
        "Send_an_email_(V2)": {
          "runAfter": {
            "Initialize_variable": [
              "Succeeded"
            ]
          },
          "type": "OpenApiConnection",
          "inputs": {
            "parameters": {
              "emailMessage/To": "iefp221@alunos.ipca.pt",
              "emailMessage/Subject": "[teste]",
              "emailMessage/Body": "<p>@{variables('HTML')}</p>",
              "emailMessage/Importance": "Normal"
            },
            "host": {
              "apiId": "/providers/Microsoft.PowerApps/apis/shared_office365",
              "connectionName": "shared_office365",
              "operationId": "SendEmailV2"
            },
            "authentication": {
              "value": "@json(decodeBase64(triggerOutputs().headers['X-MS-APIM-Tokens']))['$ConnectionKey']",
              "type": "Raw"
            }
          }
        }
      }
    },
    "templateName": null
  },
  "schemaVersion": "1.0.0.0"
}