{
  "properties": {
    "connectionReferences": {
      "shared_commondataserviceforapps": {
        "runtimeSource": "embedded",
        "connection": {
          "connectionReferenceLogicalName": "cr6ca_sharedcommondataserviceforapps_d093a"
        },
        "api": {
          "name": "shared_commondataserviceforapps"
        }
      },
      "shared_onedriveforbusiness": {
        "runtimeSource": "embedded",
        "connection": {
          "connectionReferenceLogicalName": "cr6ca_sharedonedriveforbusiness_00542"
        },
        "api": {
          "name": "shared_onedriveforbusiness"
        }
      },
      "shared_office365": {
        "runtimeSource": "embedded",
        "connection": {
          "connectionReferenceLogicalName": "cr6ca_sharedoffice365_6dc07"
        },
        "api": {
          "name": "shared_office365"
        }
      }
    },
    "definition": {
      "$schema": "https://schema.management.azure.com/providers/Microsoft.Logic/schemas/2016-06-01/workflowdefinition.json#",
      "contentVersion": "1.0.0.0",
      "parameters": {
        "$authentication": {
          "defaultValue": {},
          "type": "SecureObject"
        },
        "$connections": {
          "defaultValue": {},
          "type": "Object"
        }
      },
      "triggers": {
        "When_a_row_is_added,_modified_or_deleted": {
          "type": "OpenApiConnectionWebhook",
          "inputs": {
            "parameters": {
              "subscriptionRequest/message": 4,
              "subscriptionRequest/entityname": "cr6ca_gym_inscricoes",
              "subscriptionRequest/scope": 4,
              "subscriptionRequest/name": "e98afba2-98f2-ee11-a1fd-000d3aaca899"
            },
            "host": {
              "apiId": "/providers/Microsoft.PowerApps/apis/shared_commondataserviceforapps",
              "operationId": "SubscribeWebhookTrigger",
              "connectionName": "shared_commondataserviceforapps"
            }
          }
        }
      },
      "actions": {
        "Img_HTML": {
          "runAfter": {},
          "type": "InitializeVariable",
          "inputs": {
            "variables": [
              {
                "name": "Img_HTML",
                "type": "string"
              }
            ]
          }
        },
        "Switch": {
          "runAfter": {
            "Modalidade": [
              "Succeeded"
            ]
          },
          "cases": {
            "Cyc": {
              "case": "Cycling",
              "actions": {
                "Get_file_content": {
                  "metadata": {
                    "b!TC90SwwHBkuIT8rhSCUXBvZnFJdLzipNtz1DJf2qitVeKTEml0YWR5KozqwUgjKs.01YXNJNMSYBAHV2IB3RRBKBXEDG3C4F6ZM": "/Gym_imagems/hh.JPG"
                  },
                  "type": "OpenApiConnection",
                  "inputs": {
                    "parameters": {
                      "id": "b!TC90SwwHBkuIT8rhSCUXBvZnFJdLzipNtz1DJf2qitVeKTEml0YWR5KozqwUgjKs.01YXNJNMSYBAHV2IB3RRBKBXEDG3C4F6ZM",
                      "inferContentType": true
                    },
                    "host": {
                      "apiId": "/providers/Microsoft.PowerApps/apis/shared_onedriveforbusiness",
                      "operationId": "GetFileContent",
                      "connectionName": "shared_onedriveforbusiness"
                    }
                  }
                },
                "Compose": {
                  "runAfter": {
                    "Get_file_content": [
                      "Succeeded"
                    ]
                  },
                  "type": "Compose",
                  "inputs": "@dataUri(body('Get_file_content'))"
                },
                "Send_an_email_(V2)": {
                  "runAfter": {
                    "Set_variable": [
                      "Succeeded"
                    ]
                  },
                  "type": "OpenApiConnection",
                  "inputs": {
                    "parameters": {
                      "emailMessage/To": "iefp221@alunos.ipca.pt",
                      "emailMessage/Subject": "[teste] teste_Cycling",
                      "emailMessage/Body": "<p>@{variables('Img_HTML')}</p>",
                      "emailMessage/Importance": "Normal"
                    },
                    "host": {
                      "apiId": "/providers/Microsoft.PowerApps/apis/shared_office365",
                      "operationId": "SendEmailV2",
                      "connectionName": "shared_office365"
                    }
                  }
                },
                "Set_variable": {
                  "runAfter": {
                    "Compose": [
                      "Succeeded"
                    ]
                  },
                  "type": "SetVariable",
                  "inputs": {
                    "name": "Img_HTML",
                    "value": "@{concat('<img src=\"',outputs('Compose'),'\" alt=\"imagem\"/>')}"
                  }
                }
              }
            },
            "Mus": {
              "case": "Musculacao",
              "actions": {
                "Get_file_content_copy": {
                  "metadata": {
                    "b!TC90SwwHBkuIT8rhSCUXBvZnFJdLzipNtz1DJf2qitVeKTEml0YWR5KozqwUgjKs.01YXNJNMSYBAHV2IB3RRBKBXEDG3C4F6ZM": "/Gym_imagems/hh.JPG",
                    "b!TC90SwwHBkuIT8rhSCUXBvZnFJdLzipNtz1DJf2qitVeKTEml0YWR5KozqwUgjKs.01YXNJNMVNNIBZYFFVUZGKWTZO7XIX65K6": "/Gym_imagems/byegym.JPG"
                  },
                  "type": "OpenApiConnection",
                  "inputs": {
                    "parameters": {
                      "id": "b!TC90SwwHBkuIT8rhSCUXBvZnFJdLzipNtz1DJf2qitVeKTEml0YWR5KozqwUgjKs.01YXNJNMVNNIBZYFFVUZGKWTZO7XIX65K6",
                      "inferContentType": true
                    },
                    "host": {
                      "apiId": "/providers/Microsoft.PowerApps/apis/shared_onedriveforbusiness",
                      "operationId": "GetFileContent",
                      "connectionName": "shared_onedriveforbusiness"
                    }
                  }
                },
                "Compose_copy": {
                  "runAfter": {
                    "Get_file_content_copy": [
                      "Succeeded"
                    ]
                  },
                  "type": "Compose",
                  "inputs": "@dataUri(body('Get_file_content_copy'))"
                },
                "Set_variable_copy": {
                  "runAfter": {
                    "Compose_copy": [
                      "Succeeded"
                    ]
                  },
                  "type": "SetVariable",
                  "inputs": {
                    "name": "Img_HTML",
                    "value": "@{concat('<img src=\"',outputs('Compose_copy'),'\" alt=\"imagem\"/>')}"
                  }
                },
                "Send_an_email_(V2)_copy": {
                  "runAfter": {
                    "Set_variable_copy": [
                      "Succeeded"
                    ]
                  },
                  "type": "OpenApiConnection",
                  "inputs": {
                    "parameters": {
                      "emailMessage/To": "iefp221@alunos.ipca.pt",
                      "emailMessage/Subject": "[teste] teste_Musculacao",
                      "emailMessage/Body": "<p>@{variables('Img_HTML')}</p>",
                      "emailMessage/Importance": "Normal"
                    },
                    "host": {
                      "apiId": "/providers/Microsoft.PowerApps/apis/shared_office365",
                      "operationId": "SendEmailV2",
                      "connectionName": "shared_office365"
                    }
                  }
                }
              }
            },
            "Ioga": {
              "case": "Ioga",
              "actions": {
                "Get_file_content_copy_1": {
                  "metadata": {
                    "b!TC90SwwHBkuIT8rhSCUXBvZnFJdLzipNtz1DJf2qitVeKTEml0YWR5KozqwUgjKs.01YXNJNMSYBAHV2IB3RRBKBXEDG3C4F6ZM": "/Gym_imagems/hh.JPG",
                    "b!TC90SwwHBkuIT8rhSCUXBvZnFJdLzipNtz1DJf2qitVeKTEml0YWR5KozqwUgjKs.01YXNJNMQ42NMTYP2VSZCL5RV3Q6G5PWRD": "/Gym_imagems/gym3d.JPG"
                  },
                  "type": "OpenApiConnection",
                  "inputs": {
                    "parameters": {
                      "id": "b!TC90SwwHBkuIT8rhSCUXBvZnFJdLzipNtz1DJf2qitVeKTEml0YWR5KozqwUgjKs.01YXNJNMQ42NMTYP2VSZCL5RV3Q6G5PWRD",
                      "inferContentType": true
                    },
                    "host": {
                      "apiId": "/providers/Microsoft.PowerApps/apis/shared_onedriveforbusiness",
                      "operationId": "GetFileContent",
                      "connectionName": "shared_onedriveforbusiness"
                    }
                  }
                },
                "Compose_copy_1": {
                  "runAfter": {
                    "Get_file_content_copy_1": [
                      "Succeeded"
                    ]
                  },
                  "type": "Compose",
                  "inputs": "@dataUri(body('Get_file_content_copy_1'))"
                },
                "Set_variable_copy_1": {
                  "runAfter": {
                    "Compose_copy_1": [
                      "Succeeded"
                    ]
                  },
                  "type": "SetVariable",
                  "inputs": {
                    "name": "Img_HTML",
                    "value": "@{concat('<img src=\"',outputs('Compose_copy_1'),'\" alt=\"imagem\"/>')}"
                  }
                },
                "Send_an_email_(V2)_copy_copy": {
                  "runAfter": {
                    "Set_variable_copy_1": [
                      "Succeeded"
                    ]
                  },
                  "type": "OpenApiConnection",
                  "inputs": {
                    "parameters": {
                      "emailMessage/To": "iefp221@alunos.ipca.pt",
                      "emailMessage/Subject": "[teste] teste_Ioga",
                      "emailMessage/Body": "<p>@{variables('Img_HTML')}</p>",
                      "emailMessage/Importance": "Normal"
                    },
                    "host": {
                      "apiId": "/providers/Microsoft.PowerApps/apis/shared_office365",
                      "operationId": "SendEmailV2",
                      "connectionName": "shared_office365"
                    }
                  }
                }
              }
            }
          },
          "default": {
            "actions": {
              "Send_an_email_(V2)_copy_copy_copy": {
                "type": "OpenApiConnection",
                "inputs": {
                  "parameters": {
                    "emailMessage/To": "iefp221@alunos.ipca.pt",
                    "emailMessage/Subject": "[teste] teste",
                    "emailMessage/Body": "<p>Default</p>",
                    "emailMessage/Importance": "Normal"
                  },
                  "host": {
                    "apiId": "/providers/Microsoft.PowerApps/apis/shared_office365",
                    "operationId": "SendEmailV2",
                    "connectionName": "shared_office365"
                  }
                }
              }
            }
          },
          "expression": "@variables('Modalidade')",
          "type": "Switch"
        },
        "Modalidade": {
          "runAfter": {
            "Img_HTML": [
              "Succeeded"
            ]
          },
          "type": "InitializeVariable",
          "inputs": {
            "variables": [
              {
                "name": "Modalidade",
                "type": "string",
                "value": "@{triggeroutputs()?['body/_cr6ca_modalidade_label']\r\n}"
              }
            ]
          }
        }
      },
      "outputs": {}
    },
    "templateName": null
  },
  "schemaVersion": "1.0.0.0"
}