{
  "properties": {
    "connectionReferences": {
      "shared_office365": {
        "runtimeSource": "embedded",
        "connection": {
          "connectionReferenceLogicalName": "crfe1_sharedoffice365_f7b53"
        },
        "api": {
          "name": "shared_office365"
        }
      }
    },
    "definition": {
      "$schema": "https://schema.management.azure.com/providers/Microsoft.Logic/schemas/2016-06-01/workflowdefinition.json#",
      "contentVersion": "1.0.0.0",
      "parameters": {
        "$authentication": {
          "defaultValue": {},
          "type": "SecureObject"
        },
        "$connections": {
          "defaultValue": {},
          "type": "Object"
        }
      },
      "triggers": {
        "When_a_new_email_arrives_(V3)": {
          "splitOn": "@triggerOutputs()?['body/value']",
          "type": "OpenApiConnectionNotification",
          "inputs": {
            "parameters": {
              "to": "iefp221@alunos.ipca.pt",
              "includeAttachments": false,
              "importance": "Any",
              "fetchOnlyWithAttachment": false,
              "folderPath": "Inbox"
            },
            "host": {
              "apiId": "/providers/Microsoft.PowerApps/apis/shared_office365",
              "connectionName": "shared_office365",
              "operationId": "OnNewEmailV3"
            },
            "authentication": "@parameters('$authentication')"
          }
        }
      },
      "actions": {
        "Switch": {
          "runAfter": {},
          "cases": {
            "Ioga": {
              "case": "[teste] teste_Ioga",
              "actions": {
                "Send_an_email_(V2)_copy_1_copy": {
                  "type": "OpenApiConnection",
                  "inputs": {
                    "parameters": {
                      "emailMessage/To": "iefp221@alunos.ipca.pt",
                      "emailMessage/Subject": "[teste] Ioga",
                      "emailMessage/Body": "<p>Bom dia<br><br>Tem um novo aluno na aula de Ioga.</p>",
                      "emailMessage/Importance": "Normal"
                    },
                    "host": {
                      "apiId": "/providers/Microsoft.PowerApps/apis/shared_office365",
                      "connectionName": "shared_office365",
                      "operationId": "SendEmailV2"
                    },
                    "authentication": "@parameters('$authentication')"
                  }
                }
              }
            },
            "Musculacao": {
              "case": "[teste] teste_Musculacao",
              "actions": {
                "Send_an_email_(V2)_copy_copy": {
                  "type": "OpenApiConnection",
                  "inputs": {
                    "parameters": {
                      "emailMessage/To": "iefp221@alunos.ipca.pt",
                      "emailMessage/Subject": "[teste] Musculacao",
                      "emailMessage/Body": "<p>Bom dia<br><br>Tem um novo aluno na aula de Musculacao.</p>",
                      "emailMessage/Importance": "Normal"
                    },
                    "host": {
                      "apiId": "/providers/Microsoft.PowerApps/apis/shared_office365",
                      "connectionName": "shared_office365",
                      "operationId": "SendEmailV2"
                    },
                    "authentication": "@parameters('$authentication')"
                  }
                }
              }
            },
            "Cycling": {
              "case": "[teste] teste_Cycling",
              "actions": {
                "Send_an_email_(V2)_copy": {
                  "type": "OpenApiConnection",
                  "inputs": {
                    "parameters": {
                      "emailMessage/To": "iefp221@alunos.ipca.pt",
                      "emailMessage/Subject": "[teste] Cyclcing",
                      "emailMessage/Body": "<p>Bom dia <br><br>Tem um novo aluno na aula de cycling.</p>",
                      "emailMessage/Importance": "Normal"
                    },
                    "host": {
                      "apiId": "/providers/Microsoft.PowerApps/apis/shared_office365",
                      "connectionName": "shared_office365",
                      "operationId": "SendEmailV2"
                    },
                    "authentication": "@parameters('$authentication')"
                  }
                }
              }
            }
          },
          "default": {
            "actions": {}
          },
          "expression": "@triggerOutputs()?['body/subject']",
          "type": "Switch"
        }
      },
      "outputs": {}
    },
    "templateName": null
  },
  "schemaVersion": "1.0.0.0"
}