{
  "properties": {
    "connectionReferences": {
      "shared_commondataserviceforapps": {
        "impersonation": {},
        "runtimeSource": "embedded",
        "connection": {
          "connectionReferenceLogicalName": "crfe1_sharedcommondataserviceforapps_f116e"
        },
        "api": {
          "name": "shared_commondataserviceforapps"
        }
      },
      "shared_outlook": {
        "runtimeSource": "embedded",
        "connection": {
          "connectionReferenceLogicalName": "crfe1_sharedoutlook_1139c"
        },
        "api": {
          "name": "shared_outlook"
        }
      },
      "shared_onedriveforbusiness": {
        "runtimeSource": "embedded",
        "connection": {
          "connectionReferenceLogicalName": "crfe1_sharedonedriveforbusiness_cc939"
        },
        "api": {
          "name": "shared_onedriveforbusiness"
        }
      }
    },
    "definition": {
      "$schema": "https://schema.management.azure.com/providers/Microsoft.Logic/schemas/2016-06-01/workflowdefinition.json#",
      "contentVersion": "1.0.0.0",
      "parameters": {
        "$authentication": {
          "defaultValue": {},
          "type": "SecureObject"
        },
        "$connections": {
          "defaultValue": {},
          "type": "Object"
        }
      },
      "triggers": {
        "When_a_row_is_added,_modified_or_deleted": {
          "type": "OpenApiConnectionWebhook",
          "inputs": {
            "parameters": {
              "subscriptionRequest/message": 4,
              "subscriptionRequest/entityname": "cr6ca_gym_inscricoes",
              "subscriptionRequest/scope": 4
            },
            "host": {
              "apiId": "/providers/Microsoft.PowerApps/apis/shared_commondataserviceforapps",
              "connectionName": "shared_commondataserviceforapps",
              "operationId": "SubscribeWebhookTrigger"
            },
            "authentication": "@parameters('$authentication')"
          }
        }
      },
      "actions": {
        "Switch": {
          "runAfter": {
            "Send_an_email_(V2)": [
              "Succeeded"
            ]
          },
          "cases": {
            "Cycling": {
              "case": "Cycling",
              "actions": {}
            },
            "Musculacao": {
              "case": "Musculacao",
              "actions": {
                "Send_an_email_(V2)_copy": {
                  "runAfter": {
                    "Get_file_content_copy": [
                      "Succeeded"
                    ]
                  },
                  "type": "OpenApiConnection",
                  "inputs": {
                    "parameters": {
                      "emailMessage/To": "iefp221@alunos.ipca.pt",
                      "emailMessage/Subject": "[Teste] Inscrição na modalidade @{triggerBody()?['cr6ca_modalidade']}",
                      "emailMessage/Body": "<p>Bem vindo ao Analitic Avengers Gym</p><br><p>@{triggerBody()?['cr6ca_nome']} inscreveu-se em Musculação(@{triggerBody()?['cr6ca_modalidade']})</p><br><p>IMG</p>",
                      "emailMessage/Importance": "Normal"
                    },
                    "host": {
                      "apiId": "/providers/Microsoft.PowerApps/apis/shared_outlook",
                      "connectionName": "shared_outlook",
                      "operationId": "SendEmailV2"
                    },
                    "authentication": "@parameters('$authentication')"
                  }
                },
                "Get_file_content_copy": {
                  "metadata": {
                    "b!TC90SwwHBkuIT8rhSCUXBvZnFJdLzipNtz1DJf2qitVeKTEml0YWR5KozqwUgjKs.01YXNJNMSYBAHV2IB3RRBKBXEDG3C4F6ZM": "/Gym_imagems/hh.JPG",
                    "b!TC90SwwHBkuIT8rhSCUXBvZnFJdLzipNtz1DJf2qitVeKTEml0YWR5KozqwUgjKs.01YXNJNMVNNIBZYFFVUZGKWTZO7XIX65K6": "/Gym_imagems/byegym.JPG"
                  },
                  "type": "OpenApiConnection",
                  "inputs": {
                    "parameters": {
                      "id": "b!TC90SwwHBkuIT8rhSCUXBvZnFJdLzipNtz1DJf2qitVeKTEml0YWR5KozqwUgjKs.01YXNJNMVNNIBZYFFVUZGKWTZO7XIX65K6",
                      "inferContentType": true
                    },
                    "host": {
                      "apiId": "/providers/Microsoft.PowerApps/apis/shared_onedriveforbusiness",
                      "connectionName": "shared_onedriveforbusiness",
                      "operationId": "GetFileContent"
                    },
                    "authentication": "@parameters('$authentication')"
                  }
                }
              }
            },
            "Ioga": {
              "case": "Ioga",
              "actions": {
                "Send_an_email_(V2)_copy_1": {
                  "runAfter": {
                    "Get_file_content_copy_1": [
                      "Succeeded"
                    ]
                  },
                  "type": "OpenApiConnection",
                  "inputs": {
                    "parameters": {
                      "emailMessage/To": "iefp221@alunos.ipca.pt",
                      "emailMessage/Subject": "[Teste] Inscrição na modalidade @{triggerBody()?['cr6ca_modalidade']}",
                      "emailMessage/Body": "<p>Bem vindo ao Analitic Avengers Gym</p><br><p>@{triggerBody()?['cr6ca_nome']} inscreveu-se em Ioga (@{triggerBody()?['cr6ca_modalidade']})</p><br><p>IMG</p>",
                      "emailMessage/Importance": "Normal"
                    },
                    "host": {
                      "apiId": "/providers/Microsoft.PowerApps/apis/shared_outlook",
                      "connectionName": "shared_outlook",
                      "operationId": "SendEmailV2"
                    },
                    "authentication": "@parameters('$authentication')"
                  }
                },
                "Get_file_content_copy_1": {
                  "metadata": {
                    "b!TC90SwwHBkuIT8rhSCUXBvZnFJdLzipNtz1DJf2qitVeKTEml0YWR5KozqwUgjKs.01YXNJNMSYBAHV2IB3RRBKBXEDG3C4F6ZM": "/Gym_imagems/hh.JPG",
                    "b!TC90SwwHBkuIT8rhSCUXBvZnFJdLzipNtz1DJf2qitVeKTEml0YWR5KozqwUgjKs.01YXNJNMQ42NMTYP2VSZCL5RV3Q6G5PWRD": "/Gym_imagems/gym3d.JPG"
                  },
                  "type": "OpenApiConnection",
                  "inputs": {
                    "parameters": {
                      "id": "b!TC90SwwHBkuIT8rhSCUXBvZnFJdLzipNtz1DJf2qitVeKTEml0YWR5KozqwUgjKs.01YXNJNMQ42NMTYP2VSZCL5RV3Q6G5PWRD",
                      "inferContentType": true
                    },
                    "host": {
                      "apiId": "/providers/Microsoft.PowerApps/apis/shared_onedriveforbusiness",
                      "connectionName": "shared_onedriveforbusiness",
                      "operationId": "GetFileContent"
                    },
                    "authentication": "@parameters('$authentication')"
                  }
                }
              }
            }
          },
          "default": {
            "actions": {
              "Send_an_email_(V2)_copy_2": {
                "type": "OpenApiConnection",
                "inputs": {
                  "parameters": {
                    "emailMessage/To": "iefp221@alunos.ipca.pt",
                    "emailMessage/Subject": "[Teste] Inscrição na modalidade @{triggerBody()?['cr6ca_modalidade']}",
                    "emailMessage/Body": "<p>Bem vindo ao Analitic Avengers Gym</p><br><p>Inscrição falhou (caiu no default) </p>",
                    "emailMessage/Importance": "Normal"
                  },
                  "host": {
                    "apiId": "/providers/Microsoft.PowerApps/apis/shared_outlook",
                    "connectionName": "shared_outlook",
                    "operationId": "SendEmailV2"
                  },
                  "authentication": "@parameters('$authentication')"
                }
              }
            }
          },
          "expression": "@variables('Modalidade')",
          "type": "Switch"
        },
        "Modalidade": {
          "runAfter": {},
          "type": "InitializeVariable",
          "inputs": {
            "variables": [
              {
                "name": "Modalidade",
                "type": "string",
                "value": "@{triggeroutputs()?['body/_cr6ca_modalidade_label']\r\n}"
              }
            ]
          }
        },
        "ImagemHTML": {
          "runAfter": {
            "Modalidade": [
              "Succeeded"
            ]
          },
          "type": "InitializeVariable",
          "inputs": {
            "variables": [
              {
                "name": "ImagemHTML",
                "type": "string",
                "value": "123"
              }
            ]
          }
        },
        "Get_file_content": {
          "runAfter": {
            "ImagemHTML": [
              "Succeeded"
            ]
          },
          "metadata": {
            "b!TC90SwwHBkuIT8rhSCUXBvZnFJdLzipNtz1DJf2qitVeKTEml0YWR5KozqwUgjKs.01YXNJNMSYBAHV2IB3RRBKBXEDG3C4F6ZM": "/Gym_imagems/hh.JPG",
            "b!TC90SwwHBkuIT8rhSCUXBvZnFJdLzipNtz1DJf2qitVeKTEml0YWR5KozqwUgjKs.01YXNJNMQ42NMTYP2VSZCL5RV3Q6G5PWRD": "/Gym_imagems/gym3d.JPG",
            "b!TC90SwwHBkuIT8rhSCUXBvZnFJdLzipNtz1DJf2qitVeKTEml0YWR5KozqwUgjKs.01YXNJNMQMSCU22CQLRVG3FHYPMFZYJ2UQ": "/gym3d.JPG"
          },
          "type": "OpenApiConnection",
          "inputs": {
            "parameters": {
              "id": "b!TC90SwwHBkuIT8rhSCUXBvZnFJdLzipNtz1DJf2qitVeKTEml0YWR5KozqwUgjKs.01YXNJNMQMSCU22CQLRVG3FHYPMFZYJ2UQ",
              "inferContentType": true
            },
            "host": {
              "apiId": "/providers/Microsoft.PowerApps/apis/shared_onedriveforbusiness",
              "connectionName": "shared_onedriveforbusiness",
              "operationId": "GetFileContent"
            },
            "authentication": "@parameters('$authentication')"
          }
        },
        "Compose": {
          "runAfter": {
            "Get_file_content": [
              "Succeeded"
            ]
          },
          "type": "Compose",
          "inputs": "@dataUri(body('Get_file_content'))"
        },
        "Set_variable": {
          "runAfter": {
            "Compose": [
              "Succeeded"
            ]
          },
          "type": "SetVariable",
          "inputs": {
            "name": "ImagemHTML",
            "value": "@{concat('<img src=\"',outputs('Compose'),'\" alt=\"imagem\">')}"
          }
        },
        "Send_an_email_(V2)": {
          "runAfter": {
            "Set_variable": [
              "Succeeded"
            ]
          },
          "type": "OpenApiConnection",
          "inputs": {
            "parameters": {
              "emailMessage/To": "iefp221@alunos.ipca.pt",
              "emailMessage/Subject": "[Teste] 123",
              "emailMessage/Body": "<p>Bem vindo ao Analitic Avengers Gym<br><br><br> inscreveu-se em Cycling()</p><br><br><br><br><p><br>@{variables('ImagemHTML')}</p>",
              "emailMessage/Importance": "Normal"
            },
            "host": {
              "apiId": "/providers/Microsoft.PowerApps/apis/shared_outlook",
              "connectionName": "shared_outlook",
              "operationId": "SendEmailV2"
            },
            "authentication": "@parameters('$authentication')"
          }
        }
      },
      "outputs": {}
    },
    "templateName": null
  },
  "schemaVersion": "1.0.0.0"
}