{
  "properties": {
    "connectionReferences": {
      "shared_commondataserviceforapps": {
        "impersonation": {},
        "runtimeSource": "embedded",
        "connection": {
          "connectionReferenceLogicalName": "crfe1_sharedcommondataserviceforapps_85773"
        },
        "api": {
          "name": "shared_commondataserviceforapps"
        }
      },
      "shared_approvals": {
        "runtimeSource": "embedded",
        "connection": {
          "connectionReferenceLogicalName": "crfe1_sharedapprovals_a74ec"
        },
        "api": {
          "name": "shared_approvals"
        }
      },
      "shared_office365": {
        "runtimeSource": "embedded",
        "connection": {
          "connectionReferenceLogicalName": "crfe1_sharedoffice365_e9aff"
        },
        "api": {
          "name": "shared_office365"
        }
      }
    },
    "definition": {
      "$schema": "https://schema.management.azure.com/providers/Microsoft.Logic/schemas/2016-06-01/workflowdefinition.json#",
      "contentVersion": "1.0.0.0",
      "parameters": {
        "$authentication": {
          "defaultValue": {},
          "type": "SecureObject"
        },
        "$connections": {
          "defaultValue": {},
          "type": "Object"
        }
      },
      "triggers": {
        "When_a_row_is_added,_modified_or_deleted": {
          "type": "OpenApiConnectionWebhook",
          "inputs": {
            "parameters": {
              "subscriptionRequest/message": 1,
              "subscriptionRequest/entityname": "contact",
              "subscriptionRequest/scope": 4
            },
            "host": {
              "apiId": "/providers/Microsoft.PowerApps/apis/shared_commondataserviceforapps",
              "connectionName": "shared_commondataserviceforapps",
              "operationId": "SubscribeWebhookTrigger"
            },
            "authentication": "@parameters('$authentication')"
          }
        }
      },
      "actions": {
        "Condition": {
          "actions": {
            "Start_and_wait_for_an_approval_encarregado": {
              "type": "OpenApiConnectionWebhook",
              "inputs": {
                "parameters": {
                  "approvalType": "BasicAwaitAll",
                  "WebhookApprovalCreationInput/title": "Email de confirmação",
                  "WebhookApprovalCreationInput/assignedTo": "@triggerBody()?['emailaddress2']",
                  "WebhookApprovalCreationInput/enableNotifications": true,
                  "WebhookApprovalCreationInput/enableReassignment": true
                },
                "host": {
                  "apiId": "/providers/Microsoft.PowerApps/apis/shared_approvals",
                  "connectionName": "shared_approvals",
                  "operationId": "StartAndWaitForAnApproval"
                },
                "authentication": "@parameters('$authentication')"
              }
            },
            "Condition_2": {
              "actions": {
                "Email_encarregado": {
                  "type": "OpenApiConnection",
                  "inputs": {
                    "parameters": {
                      "emailMessage/To": "@triggerBody()?['emailaddress1']",
                      "emailMessage/Subject": "[PFerias] Bem vindo",
                      "emailMessage/Body": "<p>Bem vindo</p><p>Aprovou a inscrição de: @{triggerBody()?['firstname']} @{triggerBody()?['lastname']}</p><br><p>Desfrute da nosso ginásio em @{triggerBody()?['address1_city']}</p>",
                      "emailMessage/Importance": "Normal"
                    },
                    "host": {
                      "apiId": "/providers/Microsoft.PowerApps/apis/shared_office365",
                      "connectionName": "shared_office365",
                      "operationId": "SendEmailV2"
                    },
                    "authentication": "@parameters('$authentication')"
                  }
                },
                "Email_cliente_menor": {
                  "runAfter": {
                    "Email_encarregado": [
                      "Succeeded"
                    ]
                  },
                  "type": "OpenApiConnection",
                  "inputs": {
                    "parameters": {
                      "emailMessage/To": "@body('Update_a_row')?['emailaddress2']",
                      "emailMessage/Subject": "[PFerias] Bem vindo",
                      "emailMessage/Body": "<p>Bem vindo @{body('Update_a_row')?['fullname']}<br><br>O seu encarregado de educação aprovou a sua inscrição.<br><br>Desfrute da nosso ginásio em @{body('Update_a_row')?['address1_city']}</p>",
                      "emailMessage/Importance": "Normal"
                    },
                    "host": {
                      "apiId": "/providers/Microsoft.PowerApps/apis/shared_office365",
                      "connectionName": "shared_office365",
                      "operationId": "SendEmailV2"
                    },
                    "authentication": "@parameters('$authentication')"
                  }
                }
              },
              "runAfter": {
                "Start_and_wait_for_an_approval_encarregado": [
                  "Succeeded"
                ]
              },
              "else": {
                "actions": {
                  "Send_an_email_(V2)_1": {
                    "type": "OpenApiConnection",
                    "inputs": {
                      "parameters": {
                        "emailMessage/To": "@body('Update_a_row')?['emailaddress2']",
                        "emailMessage/Subject": "[PFerias]",
                        "emailMessage/Body": "<p>Rejeitou inscrição</p><p>encarregado: @{body('Update_a_row')?['emailaddress2']} </p>",
                        "emailMessage/Importance": "Normal"
                      },
                      "host": {
                        "apiId": "/providers/Microsoft.PowerApps/apis/shared_office365",
                        "connectionName": "shared_office365",
                        "operationId": "SendEmailV2"
                      },
                      "authentication": "@parameters('$authentication')"
                    }
                  }
                }
              },
              "expression": {
                "and": [
                  {
                    "contains": [
                      "@body('Start_and_wait_for_an_approval_encarregado')?['outcome']",
                      "Approve"
                    ]
                  }
                ]
              },
              "type": "If"
            }
          },
          "runAfter": {
            "Update_a_row": [
              "Succeeded"
            ]
          },
          "else": {
            "actions": {
              "Start_and_wait_for_an_approval_proprio": {
                "type": "OpenApiConnectionWebhook",
                "inputs": {
                  "parameters": {
                    "approvalType": "BasicAwaitAll",
                    "WebhookApprovalCreationInput/title": "Email de confirmação",
                    "WebhookApprovalCreationInput/assignedTo": "@triggerBody()?['emailaddress1']",
                    "WebhookApprovalCreationInput/enableNotifications": true,
                    "WebhookApprovalCreationInput/enableReassignment": true
                  },
                  "host": {
                    "apiId": "/providers/Microsoft.PowerApps/apis/shared_approvals",
                    "connectionName": "shared_approvals",
                    "operationId": "StartAndWaitForAnApproval"
                  },
                  "authentication": "@parameters('$authentication')"
                }
              },
              "Condition_1": {
                "actions": {
                  "Send_an_email_(V2)": {
                    "type": "OpenApiConnection",
                    "inputs": {
                      "parameters": {
                        "emailMessage/To": "@triggerBody()?['emailaddress1']",
                        "emailMessage/Subject": "[PFerias] Bem vindo",
                        "emailMessage/Body": "<p>Bem vindo @{triggerBody()?['firstname']} @{triggerBody()?['lastname']}</p><br><p>Desfrute da nosso ginásio em @{triggerBody()?['address1_city']}</p>",
                        "emailMessage/Importance": "Normal"
                      },
                      "host": {
                        "apiId": "/providers/Microsoft.PowerApps/apis/shared_office365",
                        "connectionName": "shared_office365",
                        "operationId": "SendEmailV2"
                      },
                      "authentication": "@parameters('$authentication')"
                    }
                  }
                },
                "runAfter": {
                  "Start_and_wait_for_an_approval_proprio": [
                    "Succeeded"
                  ]
                },
                "else": {
                  "actions": {
                    "Send_an_email_(V2)_1_copy": {
                      "type": "OpenApiConnection",
                      "inputs": {
                        "parameters": {
                          "emailMessage/To": "@body('Update_a_row')?['emailaddress2']",
                          "emailMessage/Subject": "[PFerias]",
                          "emailMessage/Body": "<p>Rejeitou inscrição</p><p>próprio: @{body('Update_a_row')?['emailaddress2']}</p>",
                          "emailMessage/Importance": "Normal"
                        },
                        "host": {
                          "apiId": "/providers/Microsoft.PowerApps/apis/shared_office365",
                          "connectionName": "shared_office365",
                          "operationId": "SendEmailV2"
                        },
                        "authentication": "@parameters('$authentication')"
                      }
                    }
                  }
                },
                "expression": {
                  "and": [
                    {
                      "contains": [
                        "@body('Start_and_wait_for_an_approval_proprio')?['outcome']",
                        "Approve"
                      ]
                    }
                  ]
                },
                "type": "If"
              }
            }
          },
          "expression": {
            "and": [
              {
                "not": {
                  "equals": [
                    "@body('Update_a_row')?['emailaddress2']",
                    "@null"
                  ]
                }
              }
            ]
          },
          "type": "If"
        },
        "Update_a_row": {
          "runAfter": {},
          "type": "OpenApiConnection",
          "inputs": {
            "parameters": {
              "entityName": "contacts",
              "recordId": "@triggerBody()?['contactid']",
              "item/adx_identity_emailaddress1confirmed": true
            },
            "host": {
              "apiId": "/providers/Microsoft.PowerApps/apis/shared_commondataserviceforapps",
              "connectionName": "shared_commondataserviceforapps",
              "operationId": "UpdateRecord"
            },
            "authentication": "@parameters('$authentication')"
          }
        }
      },
      "outputs": {}
    },
    "templateName": null
  },
  "schemaVersion": "1.0.0.0"
}