<powerpagecomponent powerpagecomponentid="d0f46098-f9a9-3653-b1fc-b275d012852f">
  <content>{"createdOn":"2024-04-24T14:01:27.691Z","parentpageid":"8bc31e9d-6d7c-451f-a670-68041928e612","publishingstateid":"6e339278-347b-4c19-95ce-782b066f7454","partialurl":"ORANGE-1.scss","title":"","summary":"ORANGE_DESCRIPTION","enabletracking":false,"excludefromsearch":false,"hiddenfromsitemap":false}</content>
  <filecontent mimetype="application/octet-stream">ORANGE-1.scss</filecontent>
  <iscustomizable>1</iscustomizable>
  <name>ORANGE (1)</name>
  <powerpagecomponenttype>3</powerpagecomponenttype>
  <powerpagesiteid>
    <powerpagesiteid>85c0ce8d-df89-4ea2-877e-017c0b9df2b7</powerpagesiteid>
  </powerpagesiteid>
  <statecode>0</statecode>
  <statuscode>1</statuscode>
</powerpagecomponent>