<powerpagecomponent powerpagecomponentid="b08775c5-80cc-42f7-a308-16400e039f7e">
  <content>{"source":"{% assign title = title | default: page.title %}\r\n\r\n&lt;ul class='breadcrumb'&gt;\r\n  {% for crumb in page.breadcrumbs -%}\r\n    &lt;li class=\"breadcrumb-item\"&gt;\r\n      &lt;a href='{{ crumb.url | h }}' title='{{ crumb.title | h }}'&gt;{{ crumb.title | truncate: 24 | h }}&lt;/a&gt;\r\n    &lt;/li&gt;\r\n  {% endfor -%}\r\n  &lt;li class=' breadcrumb-item active'&gt;\r\n    {% block activebreadcrumb -%}\r\n    {{- title | h -}}\r\n    {%- endblock %}\r\n  &lt;/li&gt;\r\n&lt;/ul&gt;\r\n"}</content>
  <iscustomizable>1</iscustomizable>
  <name>Breadcrumbs</name>
  <powerpagecomponenttype>8</powerpagecomponenttype>
  <powerpagesiteid>
    <powerpagesiteid>85c0ce8d-df89-4ea2-877e-017c0b9df2b7</powerpagesiteid>
  </powerpagesiteid>
  <statecode>0</statecode>
  <statuscode>1</statuscode>
</powerpagecomponent>