{
  "properties": {
    "connectionReferences": {
      "shared_commondataserviceforapps": {
        "impersonation": {},
        "runtimeSource": "embedded",
        "connection": {
          "connectionReferenceLogicalName": "crfe1_sharedcommondataserviceforapps_3e42a"
        },
        "api": {
          "name": "shared_commondataserviceforapps"
        }
      },
      "shared_approvals": {
        "runtimeSource": "embedded",
        "connection": {
          "connectionReferenceLogicalName": "crfe1_sharedapprovals_b88de"
        },
        "api": {
          "name": "shared_approvals"
        }
      },
      "shared_commondataserviceforapps-1": {
        "impersonation": {},
        "runtimeSource": "embedded",
        "connection": {
          "connectionReferenceLogicalName": "crfe1_sharedcommondataserviceforapps_d274c"
        },
        "api": {
          "name": "shared_commondataserviceforapps"
        }
      },
      "shared_office365": {
        "runtimeSource": "embedded",
        "connection": {
          "connectionReferenceLogicalName": "crfe1_sharedoffice365_a2db9"
        },
        "api": {
          "name": "shared_office365"
        }
      }
    },
    "definition": {
      "$schema": "https://schema.management.azure.com/providers/Microsoft.Logic/schemas/2016-06-01/workflowdefinition.json#",
      "contentVersion": "1.0.0.0",
      "parameters": {
        "$authentication": {
          "defaultValue": {},
          "type": "SecureObject"
        },
        "$connections": {
          "defaultValue": {},
          "type": "Object"
        }
      },
      "triggers": {
        "When_a_row_is_added,_modified_or_deleted": {
          "type": "OpenApiConnectionWebhook",
          "inputs": {
            "parameters": {
              "subscriptionRequest/message": 1,
              "subscriptionRequest/entityname": "crfe1_requisicaodecompra",
              "subscriptionRequest/scope": 4
            },
            "host": {
              "apiId": "/providers/Microsoft.PowerApps/apis/shared_commondataserviceforapps",
              "connectionName": "shared_commondataserviceforapps",
              "operationId": "SubscribeWebhookTrigger"
            },
            "authentication": "@parameters('$authentication')"
          }
        }
      },
      "actions": {
        "Condition": {
          "actions": {
            "Start_and_wait_for_an_approval_todos": {
              "type": "OpenApiConnectionWebhook",
              "inputs": {
                "parameters": {
                  "approvalType": "BasicAwaitAll",
                  "WebhookApprovalCreationInput/title": "Aprovacao todos",
                  "WebhookApprovalCreationInput/assignedTo": "iefp221@alunos.ipca.pt; iefp220@alunos.ipca.pt; iefp223@alunos.ipca.pt",
                  "WebhookApprovalCreationInput/details": "@{triggerBody()?['crfe1_nomedorequisitor']}\n@{triggerBody()?['crfe1_item']}\n@{triggerBody()?['crfe1_preco']}\n@{triggerBody()?['crfe1_justificacao']}",
                  "WebhookApprovalCreationInput/enableNotifications": true,
                  "WebhookApprovalCreationInput/enableReassignment": true
                },
                "host": {
                  "apiId": "/providers/Microsoft.PowerApps/apis/shared_approvals",
                  "connectionName": "shared_approvals",
                  "operationId": "StartAndWaitForAnApproval"
                },
                "authentication": "@parameters('$authentication')"
              }
            },
            "Condition_1": {
              "actions": {
                "Update_a_row": {
                  "type": "OpenApiConnection",
                  "inputs": {
                    "parameters": {
                      "entityName": "crfe1_requisicaodecompras",
                      "recordId": "@triggerBody()?['crfe1_requisicaodecompraid']",
                      "item/crfe1_estado": 1
                    },
                    "host": {
                      "apiId": "/providers/Microsoft.PowerApps/apis/shared_commondataserviceforapps",
                      "connectionName": "shared_commondataserviceforapps-1",
                      "operationId": "UpdateRecord"
                    },
                    "authentication": "@parameters('$authentication')"
                  }
                }
              },
              "runAfter": {
                "Start_and_wait_for_an_approval_todos": [
                  "Succeeded"
                ]
              },
              "else": {
                "actions": {
                  "Update_a_row_copy": {
                    "type": "OpenApiConnection",
                    "inputs": {
                      "parameters": {
                        "entityName": "crfe1_requisicaodecompras",
                        "recordId": "@triggerBody()?['crfe1_requisicaodecompraid']",
                        "item/crfe1_estado": 2
                      },
                      "host": {
                        "apiId": "/providers/Microsoft.PowerApps/apis/shared_commondataserviceforapps",
                        "connectionName": "shared_commondataserviceforapps-1",
                        "operationId": "UpdateRecord"
                      },
                      "authentication": "@parameters('$authentication')"
                    }
                  }
                }
              },
              "expression": {
                "and": [
                  {
                    "contains": [
                      "@body('Start_and_wait_for_an_approval_todos')?['outcome']",
                      "Approve"
                    ]
                  }
                ]
              },
              "type": "If"
            },
            "Send_an_email_(V2)_copy": {
              "runAfter": {
                "Condition_1": [
                  "Succeeded"
                ]
              },
              "type": "OpenApiConnection",
              "inputs": {
                "parameters": {
                  "emailMessage/To": "iefp221@alunos.ipca.pt",
                  "emailMessage/Subject": "Resposta validaçao compra",
                  "emailMessage/Body": "<p>todos:@{body('Start_and_wait_for_an_approval_todos')?['outcome']}</p>",
                  "emailMessage/Importance": "Normal"
                },
                "host": {
                  "apiId": "/providers/Microsoft.PowerApps/apis/shared_office365",
                  "connectionName": "shared_office365",
                  "operationId": "SendEmailV2"
                },
                "authentication": "@parameters('$authentication')"
              }
            }
          },
          "runAfter": {},
          "else": {
            "actions": {
              "Start_and_wait_for_an_approval_Um": {
                "type": "OpenApiConnectionWebhook",
                "inputs": {
                  "parameters": {
                    "approvalType": "Basic",
                    "WebhookApprovalCreationInput/title": "Fluxo de Aprovacao de Compra",
                    "WebhookApprovalCreationInput/assignedTo": "iefp221@alunos.ipca.pt",
                    "WebhookApprovalCreationInput/details": "@{triggerBody()?['crfe1_nomedorequisitor']}\n@{triggerBody()?['crfe1_preco']}\n@{triggerBody()?['crfe1_item']}\n@{triggerBody()?['crfe1_justificacao']}",
                    "WebhookApprovalCreationInput/enableNotifications": true,
                    "WebhookApprovalCreationInput/enableReassignment": true
                  },
                  "host": {
                    "apiId": "/providers/Microsoft.PowerApps/apis/shared_approvals",
                    "connectionName": "shared_approvals",
                    "operationId": "StartAndWaitForAnApproval"
                  },
                  "authentication": "@parameters('$authentication')"
                }
              },
              "Condition_2": {
                "actions": {
                  "Update_a_row_aprovado": {
                    "type": "OpenApiConnection",
                    "inputs": {
                      "parameters": {
                        "entityName": "crfe1_requisicaodecompras",
                        "recordId": "@triggerBody()?['crfe1_requisicaodecompraid']",
                        "item/crfe1_estado": 1
                      },
                      "host": {
                        "apiId": "/providers/Microsoft.PowerApps/apis/shared_commondataserviceforapps",
                        "connectionName": "shared_commondataserviceforapps-1",
                        "operationId": "UpdateRecord"
                      },
                      "authentication": "@parameters('$authentication')"
                    }
                  }
                },
                "runAfter": {
                  "Start_and_wait_for_an_approval_Um": [
                    "Succeeded"
                  ]
                },
                "else": {
                  "actions": {
                    "Update_a_row_reprovado": {
                      "type": "OpenApiConnection",
                      "inputs": {
                        "parameters": {
                          "entityName": "crfe1_requisicaodecompras",
                          "recordId": "@triggerBody()?['crfe1_requisicaodecompraid']",
                          "item/crfe1_estado": 2
                        },
                        "host": {
                          "apiId": "/providers/Microsoft.PowerApps/apis/shared_commondataserviceforapps",
                          "connectionName": "shared_commondataserviceforapps-1",
                          "operationId": "UpdateRecord"
                        },
                        "authentication": "@parameters('$authentication')"
                      }
                    }
                  }
                },
                "expression": {
                  "and": [
                    {
                      "contains": [
                        "@body('Start_and_wait_for_an_approval_Um')?['outcome']",
                        "Approve"
                      ]
                    }
                  ]
                },
                "type": "If"
              },
              "Send_an_email_(V2)_copy_1": {
                "runAfter": {
                  "Condition_2": [
                    "Succeeded"
                  ]
                },
                "type": "OpenApiConnection",
                "inputs": {
                  "parameters": {
                    "emailMessage/To": "iefp221@alunos.ipca.pt",
                    "emailMessage/Subject": "Resposta validaçao compra",
                    "emailMessage/Body": "<p>Um:@{body('Start_and_wait_for_an_approval_Um')?['outcome']}</p>",
                    "emailMessage/Importance": "Normal"
                  },
                  "host": {
                    "apiId": "/providers/Microsoft.PowerApps/apis/shared_office365",
                    "connectionName": "shared_office365",
                    "operationId": "SendEmailV2"
                  },
                  "authentication": "@parameters('$authentication')"
                }
              }
            }
          },
          "expression": {
            "and": [
              {
                "greaterOrEquals": [
                  "@triggerBody()?['crfe1_preco']",
                  500
                ]
              }
            ]
          },
          "type": "If"
        }
      },
      "outputs": {}
    },
    "templateName": null
  },
  "schemaVersion": "1.0.0.0"
}