{
  "properties": {
    "connectionReferences": {
      "shared_approvals": {
        "runtimeSource": "invoker",
        "connection": {
          "connectionReferenceLogicalName": "crfe1_sharedapprovals_b88de"
        },
        "api": {
          "name": "shared_approvals"
        }
      },
      "shared_office365": {
        "runtimeSource": "invoker",
        "connection": {
          "connectionReferenceLogicalName": "crfe1_sharedoffice365_a2db9"
        },
        "api": {
          "name": "shared_office365"
        }
      },
      "shared_teams-1": {
        "runtimeSource": "invoker",
        "connection": {
          "connectionReferenceLogicalName": "crfe1_sharedteams_20cb9"
        },
        "api": {
          "name": "shared_teams"
        }
      }
    },
    "definition": {
      "$schema": "https://schema.management.azure.com/providers/Microsoft.Logic/schemas/2016-06-01/workflowdefinition.json#",
      "contentVersion": "undefined",
      "parameters": {
        "$authentication": {
          "defaultValue": {},
          "type": "SecureObject"
        },
        "$connections": {
          "defaultValue": {},
          "type": "Object"
        }
      },
      "triggers": {
        "manual": {
          "type": "Request",
          "kind": "Button",
          "inputs": {
            "schema": {
              "type": "object",
              "properties": {},
              "required": []
            }
          }
        }
      },
      "actions": {
        "Create_an_approval": {
          "runAfter": {},
          "type": "OpenApiConnection",
          "inputs": {
            "parameters": {
              "approvalType": "Basic",
              "ApprovalCreationInput/title": "Sair Mais Cedo FC",
              "ApprovalCreationInput/assignedTo": "iefp221@alunos.ipca.pt",
              "ApprovalCreationInput/details": "Posso sair mais cedo??",
              "ApprovalCreationInput/enableNotifications": true,
              "ApprovalCreationInput/enableReassignment": true
            },
            "host": {
              "apiId": "/providers/Microsoft.PowerApps/apis/shared_approvals",
              "connectionName": "shared_approvals",
              "operationId": "CreateAnApproval"
            },
            "authentication": {
              "value": "@json(decodeBase64(triggerOutputs().headers['X-MS-APIM-Tokens']))['$ConnectionKey']",
              "type": "Raw"
            }
          }
        },
        "Send_an_email_(V2)": {
          "runAfter": {
            "Wait_for_an_approval": [
              "Succeeded"
            ]
          },
          "type": "OpenApiConnection",
          "inputs": {
            "parameters": {
              "emailMessage/To": "iefp221@alunos.ipca.pt",
              "emailMessage/Subject": "teste teams",
              "emailMessage/Body": "<p>corpo teams</p>",
              "emailMessage/Importance": "Normal"
            },
            "host": {
              "apiId": "/providers/Microsoft.PowerApps/apis/shared_office365",
              "connectionName": "shared_office365",
              "operationId": "SendEmailV2"
            },
            "authentication": {
              "value": "@json(decodeBase64(triggerOutputs().headers['X-MS-APIM-Tokens']))['$ConnectionKey']",
              "type": "Raw"
            }
          }
        },
        "Post_card_in_a_chat_or_channel": {
          "runAfter": {
            "Create_an_approval": [
              "Succeeded"
            ]
          },
          "type": "OpenApiConnection",
          "inputs": {
            "parameters": {
              "poster": "User",
              "location": "Channel",
              "body/recipient/groupId": "55fa3802-ebff-4d89-ba6f-d92f282d4528",
              "body/recipient/channelId": "19:y4qubJn19Ioyb1cpKDXJ3H9jdQty6dt2ckJ5VNpOdAY1@thread.tacv2",
              "body/messageBody": "@body('Create_an_approval')?['adaptiveCard']"
            },
            "host": {
              "apiId": "/providers/Microsoft.PowerApps/apis/shared_teams",
              "connectionName": "shared_teams-1",
              "operationId": "PostCardToConversation"
            },
            "authentication": {
              "value": "@json(decodeBase64(triggerOutputs().headers['X-MS-APIM-Tokens']))['$ConnectionKey']",
              "type": "Raw"
            }
          }
        },
        "Wait_for_an_approval": {
          "runAfter": {
            "Post_card_in_a_chat_or_channel": [
              "Succeeded"
            ]
          },
          "type": "OpenApiConnectionWebhook",
          "inputs": {
            "parameters": {
              "approvalName": "@body('Create_an_approval')?['name']"
            },
            "host": {
              "apiId": "/providers/Microsoft.PowerApps/apis/shared_approvals",
              "connectionName": "shared_approvals",
              "operationId": "WaitForAnApproval"
            },
            "authentication": {
              "value": "@json(decodeBase64(triggerOutputs().headers['X-MS-APIM-Tokens']))['$ConnectionKey']",
              "type": "Raw"
            }
          }
        }
      }
    },
    "templateName": null
  },
  "schemaVersion": "1.0.0.0"
}