{
  "properties": {
    "connectionReferences": {
      "shared_sharepointonline": {
        "runtimeSource": "embedded",
        "connection": {
          "connectionReferenceLogicalName": "crfe1_sharedsharepointonline_7656f"
        },
        "api": {
          "name": "shared_sharepointonline"
        }
      },
      "shared_approvals": {
        "runtimeSource": "embedded",
        "connection": {
          "connectionReferenceLogicalName": "crfe1_sharedapprovals_b88de"
        },
        "api": {
          "name": "shared_approvals"
        }
      },
      "shared_office365": {
        "runtimeSource": "embedded",
        "connection": {
          "connectionReferenceLogicalName": "crfe1_sharedoffice365_a2db9"
        },
        "api": {
          "name": "shared_office365"
        }
      }
    },
    "definition": {
      "$schema": "https://schema.management.azure.com/providers/Microsoft.Logic/schemas/2016-06-01/workflowdefinition.json#",
      "contentVersion": "1.0.0.0",
      "parameters": {
        "$authentication": {
          "defaultValue": {},
          "type": "SecureObject"
        },
        "$connections": {
          "defaultValue": {},
          "type": "Object"
        }
      },
      "triggers": {
        "When_a_file_is_created_(properties_only)": {
          "recurrence": {
            "frequency": "Minute",
            "interval": 1
          },
          "splitOn": "@triggerOutputs()?['body/value']",
          "type": "OpenApiConnection",
          "inputs": {
            "parameters": {
              "dataset": "https://alunosipca.sharepoint.com/sites/Avengers_Abr12",
              "table": "88098136-f1da-425d-a46e-e80930c0853b"
            },
            "host": {
              "apiId": "/providers/Microsoft.PowerApps/apis/shared_sharepointonline",
              "connectionName": "shared_sharepointonline",
              "operationId": "GetOnNewFileItems"
            },
            "authentication": "@parameters('$authentication')"
          }
        }
      },
      "actions": {
        "Start_and_wait_for_an_approval": {
          "runAfter": {},
          "type": "OpenApiConnectionWebhook",
          "inputs": {
            "parameters": {
              "approvalType": "Basic",
              "WebhookApprovalCreationInput/title": "Ficheiro aproval",
              "WebhookApprovalCreationInput/assignedTo": "iefp221@alunos.ipca.pt",
              "WebhookApprovalCreationInput/enableNotifications": true,
              "WebhookApprovalCreationInput/enableReassignment": true
            },
            "host": {
              "apiId": "/providers/Microsoft.PowerApps/apis/shared_approvals",
              "connectionName": "shared_approvals",
              "operationId": "StartAndWaitForAnApproval"
            },
            "authentication": "@parameters('$authentication')"
          }
        },
        "Condition": {
          "actions": {
            "Send_an_email_(V2)": {
              "type": "OpenApiConnection",
              "inputs": {
                "parameters": {
                  "emailMessage/To": "iefp221@alunos.ipca.pt",
                  "emailMessage/Subject": "[SharePoint] File added",
                  "emailMessage/Body": "<p>File added</p>",
                  "emailMessage/Importance": "Normal"
                },
                "host": {
                  "apiId": "/providers/Microsoft.PowerApps/apis/shared_office365",
                  "connectionName": "shared_office365",
                  "operationId": "SendEmailV2"
                },
                "authentication": "@parameters('$authentication')"
              }
            }
          },
          "runAfter": {
            "Start_and_wait_for_an_approval": [
              "Succeeded"
            ]
          },
          "else": {
            "actions": {
              "Delete_file": {
                "type": "OpenApiConnection",
                "inputs": {
                  "parameters": {
                    "dataset": "https://alunosipca.sharepoint.com/sites/Avengers_Abr12",
                    "id": "@triggerBody()?['ID']"
                  },
                  "host": {
                    "apiId": "/providers/Microsoft.PowerApps/apis/shared_sharepointonline",
                    "connectionName": "shared_sharepointonline",
                    "operationId": "DeleteFile"
                  },
                  "authentication": "@parameters('$authentication')"
                }
              },
              "Send_an_email_(V2)_copy": {
                "runAfter": {
                  "Delete_file": [
                    "Succeeded"
                  ]
                },
                "type": "OpenApiConnection",
                "inputs": {
                  "parameters": {
                    "emailMessage/To": "iefp221@alunos.ipca.pt",
                    "emailMessage/Subject": "[SharePoint] File deleted",
                    "emailMessage/Body": "<p>File deleted</p>",
                    "emailMessage/Importance": "Normal"
                  },
                  "host": {
                    "apiId": "/providers/Microsoft.PowerApps/apis/shared_office365",
                    "connectionName": "shared_office365",
                    "operationId": "SendEmailV2"
                  },
                  "authentication": "@parameters('$authentication')"
                }
              }
            }
          },
          "expression": {
            "and": [
              {
                "contains": [
                  "@body('Start_and_wait_for_an_approval')?['outcome']",
                  "approve"
                ]
              }
            ]
          },
          "type": "If"
        }
      },
      "outputs": {}
    },
    "templateName": null
  },
  "schemaVersion": "1.0.0.0"
}