<ImportExportXml version="9.2.24045.204" SolutionPackageVersion="9.2" languagecode="1033" generatedBy="CrmLive" xmlns:xsi="http://www.w3.org/2001/XMLSchema-instance">
  <SolutionManifest>
    <UniqueName>Flows</UniqueName>
    <LocalizedNames>
      <LocalizedName description="Flows" languagecode="1033" />
    </LocalizedNames>
    <Descriptions />
    <Version>1.0.0.2</Version>
    <Managed>0</Managed>
    <Publisher>
      <UniqueName>Crd9619</UniqueName>
      <LocalizedNames>
        <LocalizedName description="CDS Default Publisher" languagecode="1033" />
      </LocalizedNames>
      <Descriptions />
      <EMailAddress xsi:nil="true"></EMailAddress>
      <SupportingWebsiteUrl xsi:nil="true"></SupportingWebsiteUrl>
      <CustomizationPrefix>crfe1</CustomizationPrefix>
      <CustomizationOptionValuePrefix>28579</CustomizationOptionValuePrefix>
      <Addresses>
        <Address>
          <AddressNumber>1</AddressNumber>
          <AddressTypeCode xsi:nil="true"></AddressTypeCode>
          <City xsi:nil="true"></City>
          <County xsi:nil="true"></County>
          <Country xsi:nil="true"></Country>
          <Fax xsi:nil="true"></Fax>
          <FreightTermsCode xsi:nil="true"></FreightTermsCode>
          <ImportSequenceNumber xsi:nil="true"></ImportSequenceNumber>
          <Latitude xsi:nil="true"></Latitude>
          <Line1 xsi:nil="true"></Line1>
          <Line2 xsi:nil="true"></Line2>
          <Line3 xsi:nil="true"></Line3>
          <Longitude xsi:nil="true"></Longitude>
          <Name xsi:nil="true"></Name>
          <PostalCode xsi:nil="true"></PostalCode>
          <PostOfficeBox xsi:nil="true"></PostOfficeBox>
          <PrimaryContactName xsi:nil="true"></PrimaryContactName>
          <ShippingMethodCode xsi:nil="true"></ShippingMethodCode>
          <StateOrProvince xsi:nil="true"></StateOrProvince>
          <Telephone1 xsi:nil="true"></Telephone1>
          <Telephone2 xsi:nil="true"></Telephone2>
          <Telephone3 xsi:nil="true"></Telephone3>
          <TimeZoneRuleVersionNumber xsi:nil="true"></TimeZoneRuleVersionNumber>
          <UPSZone xsi:nil="true"></UPSZone>
          <UTCOffset xsi:nil="true"></UTCOffset>
          <UTCConversionTimeZoneCode xsi:nil="true"></UTCConversionTimeZoneCode>
        </Address>
        <Address>
          <AddressNumber>2</AddressNumber>
          <AddressTypeCode xsi:nil="true"></AddressTypeCode>
          <City xsi:nil="true"></City>
          <County xsi:nil="true"></County>
          <Country xsi:nil="true"></Country>
          <Fax xsi:nil="true"></Fax>
          <FreightTermsCode xsi:nil="true"></FreightTermsCode>
          <ImportSequenceNumber xsi:nil="true"></ImportSequenceNumber>
          <Latitude xsi:nil="true"></Latitude>
          <Line1 xsi:nil="true"></Line1>
          <Line2 xsi:nil="true"></Line2>
          <Line3 xsi:nil="true"></Line3>
          <Longitude xsi:nil="true"></Longitude>
          <Name xsi:nil="true"></Name>
          <PostalCode xsi:nil="true"></PostalCode>
          <PostOfficeBox xsi:nil="true"></PostOfficeBox>
          <PrimaryContactName xsi:nil="true"></PrimaryContactName>
          <ShippingMethodCode xsi:nil="true"></ShippingMethodCode>
          <StateOrProvince xsi:nil="true"></StateOrProvince>
          <Telephone1 xsi:nil="true"></Telephone1>
          <Telephone2 xsi:nil="true"></Telephone2>
          <Telephone3 xsi:nil="true"></Telephone3>
          <TimeZoneRuleVersionNumber xsi:nil="true"></TimeZoneRuleVersionNumber>
          <UPSZone xsi:nil="true"></UPSZone>
          <UTCOffset xsi:nil="true"></UTCOffset>
          <UTCConversionTimeZoneCode xsi:nil="true"></UTCConversionTimeZoneCode>
        </Address>
      </Addresses>
    </Publisher>
    <RootComponents>
      <RootComponent type="29" id="{31532125-361c-ef11-840a-6045bd925d42}" behavior="0" />
      <RootComponent type="29" id="{a9522125-361c-ef11-840a-6045bd925d42}" behavior="0" />
      <RootComponent type="29" id="{aa522125-361c-ef11-840a-6045bd925d42}" behavior="0" />
      <RootComponent type="29" id="{ab522125-361c-ef11-840a-6045bd925d42}" behavior="0" />
      <RootComponent type="29" id="{ac522125-361c-ef11-840a-6045bd925d42}" behavior="0" />
      <RootComponent type="29" id="{d682cb35-86f5-ee11-a1fd-000d3aaca899}" behavior="0" />
      <RootComponent type="29" id="{d782cb35-86f5-ee11-a1fd-000d3aaca899}" behavior="0" />
      <RootComponent type="29" id="{d882cb35-86f5-ee11-a1fd-000d3aaca899}" behavior="0" />
      <RootComponent type="29" id="{e4c14f1f-50ec-ee11-a203-000d3aae382c}" behavior="0" />
      <RootComponent type="29" id="{e5c14f1f-50ec-ee11-a203-000d3aae382c}" behavior="0" />
      <RootComponent type="29" id="{e6c14f1f-50ec-ee11-a203-000d3aae382c}" behavior="0" />
      <RootComponent type="29" id="{e98afba2-98f2-ee11-a1fd-000d3aaca899}" behavior="0" />
    </RootComponents>
    <MissingDependencies>
      <MissingDependency>
        <Required type="1" schemaName="cr6ca_gym_inscricoes" displayName="Gym_Inscricoes" solution="Active" />
        <Dependent type="29" displayName="Gym_incricoes_email_resposta" id="{aa522125-361c-ef11-840a-6045bd925d42}" />
      </MissingDependency>
      <MissingDependency>
        <Required type="1" schemaName="cr6ca_gym_inscricoes" displayName="Gym_Inscricoes" solution="Active" />
        <Dependent type="29" displayName="Gym2:modalidade" id="{e98afba2-98f2-ee11-a1fd-000d3aaca899}" />
      </MissingDependency>
      <MissingDependency>
        <Required type="1" schemaName="crfe1_d_produtos" displayName="D_Produtos" solution="Active" />
        <Dependent type="29" displayName="When a row is added, modified or deleted -&gt; Send email (V2) - 2" id="{e4c14f1f-50ec-ee11-a203-000d3aae382c}" />
      </MissingDependency>
      <MissingDependency>
        <Required type="1" schemaName="crfe1_f_vendas_2" displayName="F_Vendas2" solution="Active" />
        <Dependent type="29" displayName="When a row is added, modified or deleted -&gt; Send email (V2)" id="{e5c14f1f-50ec-ee11-a203-000d3aae382c}" />
      </MissingDependency>
      <MissingDependency>
        <Required type="1" schemaName="crfe1_f_vendas_2" displayName="F_Vendas2" solution="Active" />
        <Dependent type="29" displayName="Flow_BPF" id="{e6c14f1f-50ec-ee11-a203-000d3aae382c}" />
      </MissingDependency>
      <MissingDependency>
        <Required type="connectionreference" displayName="cr6ca_sharedcommondataserviceforapps_d093a" solution="Active" id.connectionreferencelogicalname="cr6ca_sharedcommondataserviceforapps_d093a" />
        <Dependent type="29" displayName="Gym2:modalidade" id="{e98afba2-98f2-ee11-a1fd-000d3aaca899}" />
      </MissingDependency>
      <MissingDependency>
        <Required type="connectionreference" displayName="cr6ca_sharedoffice365_6dc07" solution="Active" id.connectionreferencelogicalname="cr6ca_sharedoffice365_6dc07" />
        <Dependent type="29" displayName="Gym2:modalidade" id="{e98afba2-98f2-ee11-a1fd-000d3aaca899}" />
      </MissingDependency>
      <MissingDependency>
        <Required type="connectionreference" displayName="cr6ca_sharedonedriveforbusiness_00542" solution="Active" id.connectionreferencelogicalname="cr6ca_sharedonedriveforbusiness_00542" />
        <Dependent type="29" displayName="Gym2:modalidade" id="{e98afba2-98f2-ee11-a1fd-000d3aaca899}" />
      </MissingDependency>
      <MissingDependency>
        <Required type="connectionreference" displayName="crfe1_sharedapprovals_a74ec" solution="Active" id.connectionreferencelogicalname="crfe1_sharedapprovals_a74ec" />
        <Dependent type="29" displayName="PFerias_Confirmacao_inscricao 2 (teste idade)" id="{d682cb35-86f5-ee11-a1fd-000d3aaca899}" />
      </MissingDependency>
      <MissingDependency>
        <Required type="connectionreference" displayName="crfe1_sharedcommondataserviceforapps_2675d" solution="Active" id.connectionreferencelogicalname="crfe1_sharedcommondataserviceforapps_2675d" />
        <Dependent type="29" displayName="Flow_BPF" id="{e6c14f1f-50ec-ee11-a203-000d3aae382c}" />
      </MissingDependency>
      <MissingDependency>
        <Required type="connectionreference" displayName="crfe1_sharedcommondataserviceforapps_85773" solution="Active" id.connectionreferencelogicalname="crfe1_sharedcommondataserviceforapps_85773" />
        <Dependent type="29" displayName="PFerias_Confirmacao_inscricao 2 (teste idade)" id="{d682cb35-86f5-ee11-a1fd-000d3aaca899}" />
      </MissingDependency>
      <MissingDependency>
        <Required type="connectionreference" displayName="crfe1_sharedcommondataserviceforapps_85773" solution="Active" id.connectionreferencelogicalname="crfe1_sharedcommondataserviceforapps_85773" />
        <Dependent type="29" displayName="PFerias_EmailRelatorio_Diario" id="{d782cb35-86f5-ee11-a1fd-000d3aaca899}" />
      </MissingDependency>
      <MissingDependency>
        <Required type="connectionreference" displayName="crfe1_sharedcommondataserviceforapps_85773" solution="Active" id.connectionreferencelogicalname="crfe1_sharedcommondataserviceforapps_85773" />
        <Dependent type="29" displayName="PFerias_EmailRelatorio_Manual" id="{d882cb35-86f5-ee11-a1fd-000d3aaca899}" />
      </MissingDependency>
      <MissingDependency>
        <Required type="connectionreference" displayName="crfe1_sharedcommondataserviceforapps_8fbf9" solution="Active" id.connectionreferencelogicalname="crfe1_sharedcommondataserviceforapps_8fbf9" />
        <Dependent type="29" displayName="When a row is added, modified or deleted -&gt; Send email (V2) - 2" id="{e4c14f1f-50ec-ee11-a203-000d3aae382c}" />
      </MissingDependency>
      <MissingDependency>
        <Required type="connectionreference" displayName="crfe1_sharedcommondataserviceforapps_8fbf9" solution="Active" id.connectionreferencelogicalname="crfe1_sharedcommondataserviceforapps_8fbf9" />
        <Dependent type="29" displayName="When a row is added, modified or deleted -&gt; Send email (V2)" id="{e5c14f1f-50ec-ee11-a203-000d3aae382c}" />
      </MissingDependency>
      <MissingDependency>
        <Required type="connectionreference" displayName="crfe1_sharedcommondataserviceforapps_8fbf9" solution="Active" id.connectionreferencelogicalname="crfe1_sharedcommondataserviceforapps_8fbf9" />
        <Dependent type="29" displayName="Flow_BPF" id="{e6c14f1f-50ec-ee11-a203-000d3aae382c}" />
      </MissingDependency>
      <MissingDependency>
        <Required type="connectionreference" displayName="crfe1_sharedgmail_827af" solution="Active" id.connectionreferencelogicalname="crfe1_sharedgmail_827af" />
        <Dependent type="29" displayName="When a row is added, modified or deleted -&gt; Send email (V2) - 2" id="{e4c14f1f-50ec-ee11-a203-000d3aae382c}" />
      </MissingDependency>
      <MissingDependency>
        <Required type="connectionreference" displayName="crfe1_sharedgmail_827af" solution="Active" id.connectionreferencelogicalname="crfe1_sharedgmail_827af" />
        <Dependent type="29" displayName="When a row is added, modified or deleted -&gt; Send email (V2)" id="{e5c14f1f-50ec-ee11-a203-000d3aae382c}" />
      </MissingDependency>
      <MissingDependency>
        <Required type="connectionreference" displayName="crfe1_sharedgmail_827af" solution="Active" id.connectionreferencelogicalname="crfe1_sharedgmail_827af" />
        <Dependent type="29" displayName="Flow_BPF" id="{e6c14f1f-50ec-ee11-a203-000d3aae382c}" />
      </MissingDependency>
      <MissingDependency>
        <Required type="connectionreference" displayName="crfe1_sharedoffice365_e9aff" solution="Active" id.connectionreferencelogicalname="crfe1_sharedoffice365_e9aff" />
        <Dependent type="29" displayName="PFerias_Confirmacao_inscricao 2 (teste idade)" id="{d682cb35-86f5-ee11-a1fd-000d3aaca899}" />
      </MissingDependency>
      <MissingDependency>
        <Required type="connectionreference" displayName="crfe1_sharedoffice365_e9aff" solution="Active" id.connectionreferencelogicalname="crfe1_sharedoffice365_e9aff" />
        <Dependent type="29" displayName="PFerias_EmailRelatorio_Diario" id="{d782cb35-86f5-ee11-a1fd-000d3aaca899}" />
      </MissingDependency>
      <MissingDependency>
        <Required type="connectionreference" displayName="crfe1_sharedoffice365_e9aff" solution="Active" id.connectionreferencelogicalname="crfe1_sharedoffice365_e9aff" />
        <Dependent type="29" displayName="PFerias_EmailRelatorio_Manual" id="{d882cb35-86f5-ee11-a1fd-000d3aaca899}" />
      </MissingDependency>
    </MissingDependencies>
  </SolutionManifest>
</ImportExportXml>