<powerpagecomponent powerpagecomponentid="d0a77d31-04e8-4486-915b-feb2ed669420">
  <content>{"contentdisposition":756150000,"displayorder":3,"enabletracking":false,"excludefromsearch":false,"hiddenfromsitemap":true,"parentpageid":"8bc31e9d-6d7c-451f-a670-68041928e612","partialurl":"template.css","publishingstateid":"6e339278-347b-4c19-95ce-782b066f7454"}</content>
  <filecontent mimetype="application/octet-stream">template.css</filecontent>
  <iscustomizable>1</iscustomizable>
  <name>template.css</name>
  <powerpagecomponenttype>3</powerpagecomponenttype>
  <powerpagesiteid>
    <powerpagesiteid>85c0ce8d-df89-4ea2-877e-017c0b9df2b7</powerpagesiteid>
  </powerpagesiteid>
  <statecode>0</statecode>
  <statuscode>1</statuscode>
</powerpagecomponent>