<powerpagecomponent powerpagecomponentid="2bbd5efe-92f6-4609-8395-e168777d5475">
  <content>{
  "lcid": 1033,
  "entityname": "crd48_testeprodutos",
  "formname": "Information",
  "mode": 100000000,
  "onsuccess": "756150000",
  "successmessage": "[{\"LCID\":1033,\"Value\":\"Obrigado pela sua compra.\"}]",
  "hideformonsuccess": true,
  "redirectwebpage": null,
  "redirecturl": null,
  "captcharequired": false,
  "showcaptchaforauthenticatedusers": false,
  "entitypermissionsenabled": true,
  "attachfilelabel": "",
  "attachfilemaxsize": null,
  "entitysourcetype": null,
  "recordidquerystringparametername": null
}</content>
  <iscustomizable>1</iscustomizable>
  <name>Information</name>
  <powerpagecomponenttype>15</powerpagecomponenttype>
  <powerpagesiteid>
    <powerpagesiteid>85c0ce8d-df89-4ea2-877e-017c0b9df2b7</powerpagesiteid>
  </powerpagesiteid>
  <statecode>0</statecode>
  <statuscode>1</statuscode>
</powerpagecomponent>