<powerpagecomponent powerpagecomponentid="a30843e6-48d0-4160-96f5-feb46e1109b6">
  <content>{
  "powerpagesitelanguageid": "2d45039e-31ad-4637-af16-4022cf63d280",
  "filecontent": null,
  "display_name": "Footer",
  "type": 756150001,
  "value": "&lt;p id=\"ibuqac\" class=\"smallText\" style=\"color: var(--portalThemeColor7);\"&gt;Avengers Gym Copyright © &lt;span id=\"year\"&gt;&lt;/span&gt;. All rights reserved.&lt;/p&gt;\n&lt;script&gt;\n  document.getElementById('year').innerHTML = new Date().getFullYear();\n&lt;/script&gt;\n"
}</content>
  <iscustomizable>1</iscustomizable>
  <name>Footer</name>
  <powerpagecomponenttype>7</powerpagecomponenttype>
  <powerpagesiteid>
    <powerpagesiteid>85c0ce8d-df89-4ea2-877e-017c0b9df2b7</powerpagesiteid>
  </powerpagesiteid>
  <powerpagesitelanguageid>
    <powerpagesitelanguageid>2d45039e-31ad-4637-af16-4022cf63d280</powerpagesitelanguageid>
  </powerpagesitelanguageid>
  <statecode>0</statecode>
  <statuscode>1</statuscode>
</powerpagecomponent>