<powerpagecomponent powerpagecomponentid="436a1a38-b813-be0e-3e63-7e69c16b907e">
  <content>{
  "displayorder": 3,
  "customcss": "",
  "customjavascript": "",
  "pagetemplateid": "a02830d6-3835-43b0-882e-9678b251695e",
  "parentpageid": "d56dd053-d714-4f1a-a180-b5cd3c8332da",
  "partialurl": "Localizacoes",
  "isroot": false,
  "rootwebpageid": "1a61c541-50d4-8048-91e2-1cde6431963f",
  "title": "Menu",
  "summary": "&lt;p&gt;This is a sample landing page designed to be a starting point for your website&lt;/p&gt;",
  "copy": "&lt;div id=\"ifons\" class=\"row sectionBlockLayout text-start\" style='display: flex; flex-wrap: wrap; margin: 0px; min-height: auto; padding: 8px; background-image: url(\"/Silhouette-of-a-bicycle,-outside-during-sunset-or-sunrise.jpg\"); background-position: center center; background-repeat: no-repeat; background-size: cover;'&gt;\n  &lt;div id=\"i0a8i\" class=\"container\" style=\"display: flex; flex-wrap: wrap;\"&gt;\n    &lt;div id=\"ikwua\" class=\"col-lg-12 columnBlockLayout\" style=\"word-break: break-word; flex-grow: 1; display: flex; flex-direction: column; min-width: 300px; padding: 16px; margin: 60px 0px;\"&gt;\n      &lt;h2 id=\"iz7te\" style=\"text-align: center; color: var(--portalThemeColor7); text-shadow: 0px 0px 5px #2A2C2E;\"&gt;Localizações&lt;/h2&gt;\n      &lt;p id=\"i7oqh\" style=\"text-align: center; color: var(--portalThemeColor7); text-shadow: 0px 0px 5px #000000;\"&gt;Conheça os nossos ginásios&lt;/p&gt;\n    &lt;/div&gt;\n  &lt;/div&gt;\n&lt;/div&gt;\n&lt;div id=\"iu129\" class=\"row sectionBlockLayout text-start\" style=\"display: flex; flex-wrap: wrap; margin: 0px; min-height: auto; padding: 8px;\"&gt;\n  &lt;div id=\"ij1aa2\" class=\"container\" style=\"padding: 0px; display: flex; flex-wrap: wrap; column-gap: 0px;\"&gt;\n    &lt;div id=\"ip8hvq\" class=\"col-lg-6 columnBlockLayout\" style=\"word-break: break-word; flex-grow: 1; display: flex; flex-direction: column; min-width: 300px; margin: 60px 0px; padding: 16px; width: calc(50% + 0px);\"&gt;\n      &lt;img src=\"/Forklift-lifting-a-container-in-the-yard.jpg\" alt=\"Forklift-lifting-a-container-in-the-yard\" name=\"Forklift-lifting-a-container-in-the-yard.jpg\" id=\"ieikkh\" style=\"width: 38%; height: 135%; max-width: 100%; margin-left: auto; margin-right: auto;\" /&gt;\n      &lt;h3 id=\"ipfwzv\" style=\"text-align: center;\"&gt;Matosinhos&lt;/h3&gt;\n    &lt;/div&gt;\n    &lt;div id=\"iwkn8c\" class=\"col-lg-6 columnBlockLayout\" style=\"word-break: break-word; flex-grow: 1; display: flex; flex-direction: column; min-width: 300px; margin: 60px 0px; padding: 16px; width: calc(50% + 0px);\"&gt;\n      &lt;img src=\"/Beverly-Hill-City-Hall.jpg\" alt=\"Beverly-Hill-City-Hall\" name=\"Beverly-Hill-City-Hall.jpg\" id=\"i3rdag\" style=\"width: 38%; height: 135%; max-width: 100%; margin-left: auto; margin-right: auto;\" /&gt;\n      &lt;h3 id=\"iwj74v\" style=\"text-align: center;\"&gt;Espinho&lt;/h3&gt;\n    &lt;/div&gt;\n  &lt;/div&gt;\n&lt;/div&gt;\n&lt;div id=\"iczt5g\" class=\"row sectionBlockLayout text-start\" style=\"display: flex; flex-wrap: wrap; margin: 0px; min-height: auto; padding: 8px;\"&gt;\n  &lt;div id=\"igueea\" class=\"container\" style=\"padding: 0px; display: flex; flex-wrap: wrap; column-gap: 0px;\"&gt;\n    &lt;div id=\"iqwagg\" class=\"col-lg-6 columnBlockLayout\" style=\"word-break: break-word; flex-grow: 1; display: flex; flex-direction: column; min-width: 300px; margin: 60px 0px; padding: 16px; width: calc(50% + 0px);\"&gt;\n      &lt;img src=\"/Pumpkin-patch-in-raking-sunlight.jpg\" alt=\"Pumpkin-patch-in-raking-sunlight\" name=\"Pumpkin-patch-in-raking-sunlight.jpg\" id=\"io56me\" style=\"width: 38%; height: 135%; max-width: 100%; margin-left: auto; margin-right: auto;\" /&gt;\n      &lt;h3 id=\"i64pji\" style=\"text-align: center;\"&gt;Gondomar&amp;nbsp;&lt;/h3&gt;\n    &lt;/div&gt;\n    &lt;div id=\"ibhqh6\" class=\"col-lg-6 columnBlockLayout\" style=\"word-break: break-word; flex-grow: 1; display: flex; flex-direction: column; min-width: 300px; margin: 60px 0px; padding: 16px; width: calc(50% + 0px);\"&gt;\n      &lt;img src=\"/Golden-Gate-Bridge-in-fog.jpg\" alt=\"Golden-Gate-Bridge-in-fog\" name=\"Golden-Gate-Bridge-in-fog.jpg\" id=\"icz9qo\" style=\"width: 38%; height: 135%; max-width: 100%; margin-left: auto; margin-right: auto;\" /&gt;\n      &lt;h3 id=\"iv1bh3\" style=\"text-align: center;\"&gt;Setúbal&lt;/h3&gt;\n    &lt;/div&gt;\n  &lt;/div&gt;\n&lt;/div&gt;\n&lt;div data-component-theme=\"portalThemeColor3\" id=\"ieat0i\" class=\"row sectionBlockLayout text-start\" style=\"display: flex; flex-wrap: wrap; margin: 0px; min-height: auto; padding: 8px;\"&gt;\n  &lt;div id=\"i13pfy\" class=\"container\" style=\"padding: 0px; display: flex; flex-wrap: wrap;\"&gt;\n    &lt;div id=\"ipvrju\" class=\"col-lg-12 columnBlockLayout\" style=\"word-break: break-word; flex-grow: 1; display: flex; flex-direction: column; min-width: 300px; margin: 174.63px 0px; padding: 16px;\"&gt;&lt;h2 id=\"ijwwxm\" style=\"text-align: center; color: var(--portalThemeColor7);\"&gt;Avengers Gym perto de si&amp;nbsp;&lt;/h2&gt;&lt;/div&gt;\n  &lt;/div&gt;\n&lt;/div&gt;\n",
  "publishingstateid": "6e339278-347b-4c19-95ce-782b066f7454",
  "enablerating": false,
  "enabletracking": false,
  "excludefromsearch": false,
  "hiddenfromsitemap": true,
  "sharedpageconfiguration": false
}</content>
  <iscustomizable>1</iscustomizable>
  <name>Localizações</name>
  <powerpagecomponenttype>2</powerpagecomponenttype>
  <powerpagesiteid>
    <powerpagesiteid>85c0ce8d-df89-4ea2-877e-017c0b9df2b7</powerpagesiteid>
  </powerpagesiteid>
  <powerpagesitelanguageid>
    <powerpagesitelanguageid>2d45039e-31ad-4637-af16-4022cf63d280</powerpagesitelanguageid>
  </powerpagesitelanguageid>
  <searchcontent>Menu&lt;div id="ifons" class="row sectionBlockLayout text-start" style='display: flex; flex-wrap: wrap; margin: 0px; min-height: auto; padding: 8px; background-image: url("/Silhouette-of-a-bicycle,-outside-during-sunset-or-sunrise.jpg"); background-position: center center; background-repeat: no-repeat; background-size: cover;'&gt;
  &lt;div id="i0a8i" class="container" style="display: flex; flex-wrap: wrap;"&gt;
    &lt;div id="ikwua" class="col-lg-12 columnBlockLayout" style="word-break: break-word; flex-grow: 1; display: flex; flex-direction: column; min-width: 300px; padding: 16px; margin: 60px 0px;"&gt;
      &lt;h2 id="iz7te" style="text-align: center; color: var(--portalThemeColor7); text-shadow: 0px 0px 5px #2A2C2E;"&gt;Localizações&lt;/h2&gt;
      &lt;p id="i7oqh" style="text-align: center; color: var(--portalThemeColor7); text-shadow: 0px 0px 5px #000000;"&gt;Conheça os nossos ginásios&lt;/p&gt;
    &lt;/div&gt;
  &lt;/div&gt;
&lt;/div&gt;
&lt;div id="iu129" class="row sectionBlockLayout text-start" style="display: flex; flex-wrap: wrap; margin: 0px; min-height: auto; padding: 8px;"&gt;
  &lt;div id="ij1aa2" class="container" style="padding: 0px; display: flex; flex-wrap: wrap; column-gap: 0px;"&gt;
    &lt;div id="ip8hvq" class="col-lg-6 columnBlockLayout" style="word-break: break-word; flex-grow: 1; display: flex; flex-direction: column; min-width: 300px; margin: 60px 0px; padding: 16px; width: calc(50% + 0px);"&gt;
      &lt;img src="/Forklift-lifting-a-container-in-the-yard.jpg" alt="Forklift-lifting-a-container-in-the-yard" name="Forklift-lifting-a-container-in-the-yard.jpg" id="ieikkh" style="width: 38%; height: 135%; max-width: 100%; margin-left: auto; margin-right: auto;" /&gt;
      &lt;h3 id="ipfwzv" style="text-align: center;"&gt;Matosinhos&lt;/h3&gt;
    &lt;/div&gt;
    &lt;div id="iwkn8c" class="col-lg-6 columnBlockLayout" style="word-break: break-word; flex-grow: 1; display: flex; flex-direction: column; min-width: 300px; margin: 60px 0px; padding: 16px; width: calc(50% + 0px);"&gt;
      &lt;img src="/Beverly-Hill-City-Hall.jpg" alt="Beverly-Hill-City-Hall" name="Beverly-Hill-City-Hall.jpg" id="i3rdag" style="width: 38%; height: 135%; max-width: 100%; margin-left: auto; margin-right: auto;" /&gt;
      &lt;h3 id="iwj74v" style="text-align: center;"&gt;Espinho&lt;/h3&gt;
    &lt;/div&gt;
  &lt;/div&gt;
&lt;/div&gt;
&lt;div id="iczt5g" class="row sectionBlockLayout text-start" style="display: flex; flex-wrap: wrap; margin: 0px; min-height: auto; padding: 8px;"&gt;
  &lt;div id="igueea" class="container" style="padding: 0px; display: flex; flex-wrap: wrap; column-gap: 0px;"&gt;
    &lt;div id="iqwagg" class="col-lg-6 columnBlockLayout" style="word-break: break-word; flex-grow: 1; display: flex; flex-direction: column; min-width: 300px; margin: 60px 0px; padding: 16px; width: calc(50% + 0px);"&gt;
      &lt;img src="/Pumpkin-patch-in-raking-sunlight.jpg" alt="Pumpkin-patch-in-raking-sunlight" name="Pumpkin-patch-in-raking-sunlight.jpg" id="io56me" style="width: 38%; height: 135%; max-width: 100%; margin-left: auto; margin-right: auto;" /&gt;
      &lt;h3 id="i64pji" style="text-align: center;"&gt;Gondomar&amp;nbsp;&lt;/h3&gt;
    &lt;/div&gt;
    &lt;div id="ibhqh6" class="col-lg-6 columnBlockLayout" style="word-break: break-word; flex-grow: 1; display: flex; flex-direction: column; min-width: 300px; margin: 60px 0px; padding: 16px; width: calc(50% + 0px);"&gt;
      &lt;img src="/Golden-Gate-Bridge-in-fog.jpg" alt="Golden-Gate-Bridge-in-fog" name="Golden-Gate-Bridge-in-fog.jpg" id="icz9qo" style="width: 38%; height: 135%; max-width: 100%; margin-left: auto; margin-right: auto;" /&gt;
      &lt;h3 id="iv1bh3" style="text-align: center;"&gt;Setúbal&lt;/h3&gt;
    &lt;/div&gt;
  &lt;/div&gt;
&lt;/div&gt;
&lt;div data-component-theme="portalThemeColor3" id="ieat0i" class="row sectionBlockLayout text-start" style="display: flex; flex-wrap: wrap; margin: 0px; min-height: auto; padding: 8px;"&gt;
  &lt;div id="i13pfy" class="container" style="padding: 0px; display: flex; flex-wrap: wrap;"&gt;
    &lt;div id="ipvrju" class="col-lg-12 columnBlockLayout" style="word-break: break-word; flex-grow: 1; display: flex; flex-direction: column; min-width: 300px; margin: 174.63px 0px; padding: 16px;"&gt;&lt;h2 id="ijwwxm" style="text-align: center; color: var(--portalThemeColor7);"&gt;Avengers Gym perto de si&amp;nbsp;&lt;/h2&gt;&lt;/div&gt;
  &lt;/div&gt;
&lt;/div&gt;
Localizações</searchcontent>
  <statecode>0</statecode>
  <statuscode>1</statuscode>
</powerpagecomponent>