{
  "properties": {
    "connectionReferences": {
      "shared_sharepointonline": {
        "api": {
          "name": "shared_sharepointonline"
        },
        "connection": {
          "connectionReferenceLogicalName": "cr4ab_sharedsharepointonline_51b36"
        },
        "runtimeSource": "embedded"
      }
    },
    "definition": {
      "$schema": "https://schema.management.azure.com/providers/Microsoft.Logic/schemas/2016-06-01/workflowdefinition.json#",
      "contentVersion": "1.0.0.0",
      "parameters": {
        "$authentication": {
          "defaultValue": {},
          "type": "SecureObject"
        },
        "$connections": {
          "defaultValue": {},
          "type": "Object"
        }
      },
      "triggers": {
        "manual": {
          "type": "Request",
          "kind": "Skills",
          "inputs": {
            "schema": {
              "type": "object",
              "properties": {
                "text": {
                  "description": "Please enter your input",
                  "title": "ID",
                  "type": "string",
                  "x-ms-content-hint": "TEXT",
                  "x-ms-dynamically-added": true
                }
              },
              "required": [
                "text"
              ]
            }
          },
          "metadata": {
            "operationMetadataId": "b8f61c18-7224-4f8a-9c5f-72fbce5df764"
          }
        }
      },
      "actions": {
        "Respond_to_Copilot": {
          "type": "Response",
          "kind": "Skills",
          "inputs": {
            "schema": {
              "type": "object",
              "properties": {
                "temstock": {
                  "title": "TemStock",
                  "type": "string",
                  "x-ms-content-hint": "TEXT",
                  "x-ms-dynamically-added": true
                }
              },
              "additionalProperties": {}
            },
            "statusCode": 200,
            "body": {
              "temstock": "@variables('TemStock')"
            }
          },
          "runAfter": {
            "For_each": [
              "Succeeded"
            ]
          },
          "metadata": {
            "operationMetadataId": "81c94f73-dd52-465c-ad3b-a4686da63cc3"
          }
        },
        "Initialize_variable": {
          "type": "InitializeVariable",
          "inputs": {
            "variables": [
              {
                "name": "TemStock",
                "type": "string",
                "value": "nao"
              }
            ]
          },
          "runAfter": {}
        },
        "Get_items": {
          "type": "OpenApiConnection",
          "inputs": {
            "parameters": {
              "dataset": "https://alunosipca.sharepoint.com/sites/Avengers_Abr12",
              "table": "b0797f79-c43b-49b9-b9ee-598f5cdb9082",
              "$filter": "ID eq @{triggerBody()?['text']}"
            },
            "host": {
              "apiId": "/providers/Microsoft.PowerApps/apis/shared_sharepointonline",
              "operationId": "GetItems",
              "connectionName": "shared_sharepointonline"
            }
          },
          "runAfter": {
            "Initialize_variable": [
              "Succeeded"
            ]
          }
        },
        "For_each": {
          "type": "Foreach",
          "foreach": "@outputs('Get_items')?['body/value']",
          "actions": {
            "Condition": {
              "type": "If",
              "expression": {
                "and": [
                  {
                    "greater": [
                      "@items('For_each')?['Stock']",
                      0
                    ]
                  }
                ]
              },
              "actions": {
                "Set_variable": {
                  "type": "SetVariable",
                  "inputs": {
                    "name": "TemStock",
                    "value": "sim"
                  }
                }
              },
              "else": {
                "actions": {
                  "Set_variable_1": {
                    "type": "SetVariable",
                    "inputs": {
                      "name": "TemStock",
                      "value": "nao"
                    }
                  }
                }
              }
            }
          },
          "runAfter": {
            "Get_items": [
              "Succeeded"
            ]
          }
        }
      },
      "outputs": {},
      "description": "Run a flow from Copilot and send back a response."
    },
    "templateName": null
  },
  "schemaVersion": "1.0.0.0"
}