<powerpagecomponent powerpagecomponentid="8889401b-c305-4410-bbe5-b3270c8710e3">
  <content>{"createdOn":"2024-04-24T13:06:03.898Z","parentpageid":"8bc31e9d-6d7c-451f-a670-68041928e612","publishingstateid":"6e339278-347b-4c19-95ce-782b066f7454","partialurl":"An-image-of-two-dumbells-against-sunlight.jpg","title":"","summary":"","enabletracking":false,"excludefromsearch":false,"hiddenfromsitemap":false}</content>
  <filecontent mimetype="image/jpeg">An-image-of-two-dumbells-against-sunlight.jpg</filecontent>
  <iscustomizable>1</iscustomizable>
  <name>An-image-of-two-dumbells-against-sunlight.jpg</name>
  <powerpagecomponenttype>3</powerpagecomponenttype>
  <powerpagesiteid>
    <powerpagesiteid>85c0ce8d-df89-4ea2-877e-017c0b9df2b7</powerpagesiteid>
  </powerpagesiteid>
  <statecode>0</statecode>
  <statuscode>1</statuscode>
</powerpagecomponent>