{"schemaVersion":"1.0","appDefinitionTemplate":{"id":"/providers/Microsoft.PowerApps/apps/","type":"Microsoft.PowerApps/apps","tags":{"primaryDeviceWidth":"1366","primaryDeviceHeight":"768","supportsPortrait":"true","supportsLandscape":"true","primaryFormFactor":"Tablet","showStatusBar":"false","publisherVersion":"3.24041.27","minimumRequiredApiVersion":"2.2.0","hasComponent":"true","hasUnlockedComponent":"true","isUnifiedRootApp":"false","offlineLargeFilesSupport":"false","sienaVersion":"20240417T085528Z-3.24041.27.0"},"properties":{"appVersion":"2024-04-17T08:55:28Z","lifeCycleId":"Published","createdByClientVersion":{"major":3,"minor":24041,"build":27,"revision":0,"majorRevision":0,"minorRevision":0},"minClientVersion":{"major":3,"minor":24041,"build":27,"revision":0,"majorRevision":0,"minorRevision":0},"backgroundColor":"RGBA(0,176,240,1)","backgroundImageUri":"/13650460315568045703/Na784908d-4c83-48f6-9e6b-d1075862c4a9-logoSmallFile","displayName":"14MarTablet","description":"","commitMessage":"","appUris":{"documentUri":{"value":"/13650460315568045703/Nf63f3079-49d8-40fd-a3a7-6bb20b901fe7-document.msapp"},"imageUris":[],"additionalUris":[{"isSolutionAware":false,"value":"/13650460315568045703/Nd04612c2-0a6a-468c-96b0-d6483a6ff534-identity.json"}]},"createdTime":"0001-01-01T00:00:00Z","lastModifiedTime":"0001-01-01T00:00:00Z","sharedGroupsCount":0,"sharedUsersCount":0,"connectionReferences":{},"authorizationReferences":[{"resourceId":"powerbi"}],"databaseReferences":{"default.cds":{"databaseDetails":{"referenceType":"Environmental","environmentName":"default.cds","overrideValues":{"status":"NotSpecified","environmentVariableName":""}},"dataSources":{"UserDBS":{"entitySetName":"crfe1_userinformations","logicalName":"crfe1_userinformation","isHidden":false},"Gym Maintenance Record":{"entitySetName":"crfe1_gymmaintenancerecords","logicalName":"crfe1_gymmaintenancerecord","isHidden":false},"Tab_Imagens":{"entitySetName":"crfe1_tab_imagenses","logicalName":"crfe1_tab_imagens","isHidden":false},"Registo_envios":{"entitySetName":"crfe1_registo_envios","logicalName":"crfe1_registo_envio","isHidden":false},"Utilizadores":{"entitySetName":"systemusers","logicalName":"systemuser","isHidden":false}},"actions":["providers/PowerPlatform.Governance/Operations/Read","providers/PowerPlatform.Governance/Operations/Write","providers/PowerPlatform.Governance/Operations/Delete"]}},"almMode":"Solution","performanceOptimizationEnabled":true,"canConsumeAppPass":true,"enableModernRuntimeMode":false,"executionRestrictions":{"isTeamsOnly":false,"dataLossPreventionEvaluationResult":{"status":"Compliant","lastEvaluationDate":"2024-03-14T14:30:56.1454271Z","violations":[],"violationsByPolicy":[],"violationErrorMessage":"The app uses the following connectors: shared_commondataservice."}}},"appType":"ClassicCanvasApp","appComponents":[]}}