<powerpagecomponent powerpagecomponentid="6c757856-fcab-47b0-bbc0-7015c392fd86">
  <content>{"createdOn":"2024-04-24T13:06:52.667Z","parentpageid":"8bc31e9d-6d7c-451f-a670-68041928e612","publishingstateid":"6e339278-347b-4c19-95ce-782b066f7454","partialurl":"Silhouette-of-a-bicycle,-outside-during-sunset-or-sunrise.jpg","title":"","summary":"","enabletracking":false,"excludefromsearch":false,"hiddenfromsitemap":false}</content>
  <filecontent mimetype="image/jpeg">Silhouette-of-a-bicycle%2C-outside-during-sunset-or-sunrise.jpg</filecontent>
  <iscustomizable>1</iscustomizable>
  <name>Silhouette-of-a-bicycle,-outside-during-sunset-or-sunrise.jpg</name>
  <powerpagecomponenttype>3</powerpagecomponenttype>
  <powerpagesiteid>
    <powerpagesiteid>85c0ce8d-df89-4ea2-877e-017c0b9df2b7</powerpagesiteid>
  </powerpagesiteid>
  <statecode>0</statecode>
  <statuscode>1</statuscode>
</powerpagecomponent>