<powerpagecomponent powerpagecomponentid="f4153bc1-3900-4650-b972-903eb15e4482">
  <content>{"createdOn":"2024-04-24T13:42:31.585Z","parentpageid":"8bc31e9d-6d7c-451f-a670-68041928e612","publishingstateid":"6e339278-347b-4c19-95ce-782b066f7454","partialurl":"Person-running-on-road.jpg","title":"","summary":"","enabletracking":false,"excludefromsearch":false,"hiddenfromsitemap":false}</content>
  <filecontent mimetype="image/jpeg">Person-running-on-road.jpg</filecontent>
  <iscustomizable>1</iscustomizable>
  <name>Person-running-on-road.jpg</name>
  <powerpagecomponenttype>3</powerpagecomponenttype>
  <powerpagesiteid>
    <powerpagesiteid>85c0ce8d-df89-4ea2-877e-017c0b9df2b7</powerpagesiteid>
  </powerpagesiteid>
  <statecode>0</statecode>
  <statuscode>1</statuscode>
</powerpagecomponent>