<powerpagecomponent powerpagecomponentid="b5dcf11b-4ff2-459d-af2f-f55cd0be4e8d">
  <content>{"createdOn":"2024-04-23T12:57:58.225Z","parentpageid":"8bc31e9d-6d7c-451f-a670-68041928e612","publishingstateid":"6e339278-347b-4c19-95ce-782b066f7454","partialurl":"Tricycle-with-solid-fill.png","title":"","summary":"","enabletracking":false,"excludefromsearch":false,"hiddenfromsitemap":false}</content>
  <filecontent mimetype="image/png">Tricycle-with-solid-fill.png</filecontent>
  <iscustomizable>1</iscustomizable>
  <name>Tricycle-with-solid-fill.png</name>
  <powerpagecomponenttype>3</powerpagecomponenttype>
  <powerpagesiteid>
    <powerpagesiteid>85c0ce8d-df89-4ea2-877e-017c0b9df2b7</powerpagesiteid>
  </powerpagesiteid>
  <statecode>0</statecode>
  <statuscode>1</statuscode>
</powerpagecomponent>