<powerpagecomponent powerpagecomponentid="84cfbeb6-c8d6-4448-9527-5f583f99e97b">
  <content>{"createdOn":"2024-04-24T13:11:28.056Z","parentpageid":"8bc31e9d-6d7c-451f-a670-68041928e612","publishingstateid":"6e339278-347b-4c19-95ce-782b066f7454","partialurl":"Chimpanzee-speaking.jpg","title":"","summary":"","enabletracking":false,"excludefromsearch":false,"hiddenfromsitemap":false}</content>
  <filecontent mimetype="image/jpeg">Chimpanzee-speaking.jpg</filecontent>
  <iscustomizable>1</iscustomizable>
  <name>Chimpanzee-speaking.jpg</name>
  <powerpagecomponenttype>3</powerpagecomponenttype>
  <powerpagesiteid>
    <powerpagesiteid>85c0ce8d-df89-4ea2-877e-017c0b9df2b7</powerpagesiteid>
  </powerpagesiteid>
  <statecode>0</statecode>
  <statuscode>1</statuscode>
</powerpagecomponent>