<powerpagecomponent powerpagecomponentid="5ca292ea-1cd7-4d3d-b237-256e750afaef">
  <content>{
  "powerpagesitelanguageid": "2d45039e-31ad-4637-af16-4022cf63d280",
  "filecontent": null,
  "display_name": "Site name",
  "type": 756150000,
  "value": "Avengers Gym"
}</content>
  <iscustomizable>1</iscustomizable>
  <name>Site name</name>
  <powerpagecomponenttype>7</powerpagecomponenttype>
  <powerpagesiteid>
    <powerpagesiteid>85c0ce8d-df89-4ea2-877e-017c0b9df2b7</powerpagesiteid>
  </powerpagesiteid>
  <powerpagesitelanguageid>
    <powerpagesitelanguageid>2d45039e-31ad-4637-af16-4022cf63d280</powerpagesitelanguageid>
  </powerpagesitelanguageid>
  <statecode>0</statecode>
  <statuscode>1</statuscode>
</powerpagecomponent>