<powerpagecomponent powerpagecomponentid="3d4312ee-8822-4dbc-8a0d-8fe9137ef71e">
  <content>{"createdOn":"2024-04-24T15:12:47.320Z","parentpageid":"8bc31e9d-6d7c-451f-a670-68041928e612","publishingstateid":"6e339278-347b-4c19-95ce-782b066f7454","partialurl":"Person-hiking.jpg","title":"","summary":"","enabletracking":false,"excludefromsearch":false,"hiddenfromsitemap":false}</content>
  <filecontent mimetype="image/jpeg">Person-hiking.jpg</filecontent>
  <iscustomizable>1</iscustomizable>
  <name>Person-hiking.jpg</name>
  <powerpagecomponenttype>3</powerpagecomponenttype>
  <powerpagesiteid>
    <powerpagesiteid>85c0ce8d-df89-4ea2-877e-017c0b9df2b7</powerpagesiteid>
  </powerpagesiteid>
  <statecode>0</statecode>
  <statuscode>1</statuscode>
</powerpagecomponent>