<powerpagecomponent powerpagecomponentid="132f3a70-5319-4f87-904c-4c82662684eb">
  <content>{"createdOn":"2024-04-24T13:05:25.865Z","parentpageid":"8bc31e9d-6d7c-451f-a670-68041928e612","publishingstateid":"6e339278-347b-4c19-95ce-782b066f7454","partialurl":"Empty-gym-with-spin-bikes-and-other-equipment.jpg","title":"","summary":"","enabletracking":false,"excludefromsearch":false,"hiddenfromsitemap":false}</content>
  <filecontent mimetype="image/jpeg">Empty-gym-with-spin-bikes-and-other-equipment.jpg</filecontent>
  <iscustomizable>1</iscustomizable>
  <name>Empty-gym-with-spin-bikes-and-other-equipment.jpg</name>
  <powerpagecomponenttype>3</powerpagecomponenttype>
  <powerpagesiteid>
    <powerpagesiteid>85c0ce8d-df89-4ea2-877e-017c0b9df2b7</powerpagesiteid>
  </powerpagesiteid>
  <statecode>0</statecode>
  <statuscode>1</statuscode>
</powerpagecomponent>