{"schemaVersion":"1.0","appDefinitionTemplate":{"id":"/providers/Microsoft.PowerApps/apps/","type":"Microsoft.PowerApps/apps","tags":{"primaryDeviceWidth":"640","primaryDeviceHeight":"1136","sienaVersion":"20240410T140847Z-3.24034.17.0","deviceCapabilities":"","supportsPortrait":"true","supportsLandscape":"true","primaryFormFactor":"Phone","publisherVersion":"3.24034.17","minimumRequiredApiVersion":"2.2.0","hasComponent":"true","hasUnlockedComponent":"true","isUnifiedRootApp":"false","showStatusBar":"false","offlineLargeFilesSupport":"false","coauthoringEnabled":"true"},"properties":{"appVersion":"2024-04-10T14:08:47Z","lifeCycleId":"Published","createdByClientVersion":{"major":3,"minor":24034,"build":17,"revision":0,"majorRevision":0,"minorRevision":0},"minClientVersion":{"major":3,"minor":24034,"build":17,"revision":0,"majorRevision":0,"minorRevision":0},"backgroundColor":"RGBA(54,176,75,1)","backgroundImageUri":"/15079449689645905010/N60318a2f-211d-41c8-b8a3-d437fb341cb3-logoSmallFile","displayName":"11MarAulaGrupo","description":"","commitMessage":"","appUris":{"documentUri":{"value":"/15079449689645905010/Nba1779d2-940a-49f6-8880-1a552a63b4df-document.msapp"},"imageUris":[],"additionalUris":[{"isSolutionAware":false,"value":"/15079449689645905010/N124ff741-8bda-4daa-87bd-f7c9c2e8e44e-identity.json"}]},"createdTime":"0001-01-01T00:00:00Z","lastModifiedTime":"0001-01-01T00:00:00Z","sharedGroupsCount":0,"sharedUsersCount":0,"connectionReferences":{},"databaseReferences":{"default.cds":{"databaseDetails":{"referenceType":"Environmental","environmentName":"default.cds","overrideValues":{"status":"NotSpecified","environmentVariableName":""}},"dataSources":{"UserDBS":{"entitySetName":"crfe1_userinformations","logicalName":"crfe1_userinformation","isHidden":false},"Gym Maintenance Record":{"entitySetName":"crfe1_gymmaintenancerecords","logicalName":"crfe1_gymmaintenancerecord","isHidden":false},"Tab_Imagens":{"entitySetName":"crfe1_tab_imagenses","logicalName":"crfe1_tab_imagens","isHidden":false},"Registo_envios":{"entitySetName":"crfe1_registo_envios","logicalName":"crfe1_registo_envio","isHidden":false}},"actions":["providers/PowerPlatform.Governance/Operations/Read","providers/PowerPlatform.Governance/Operations/Write"]}},"almMode":"Environment","performanceOptimizationEnabled":true,"canConsumeAppPass":true,"enableModernRuntimeMode":false,"executionRestrictions":{"isTeamsOnly":false,"dataLossPreventionEvaluationResult":{"status":"Compliant","lastEvaluationDate":"2024-03-11T15:37:02.8443898Z","violations":[],"violationsByPolicy":[],"violationErrorMessage":"The app uses the following connectors: ."}}},"appType":"ClassicCanvasApp","appComponents":[]}}