<powerpagecomponent powerpagecomponentid="d3277789-1094-4266-84b7-d65b7063f04e">
  <content>{"contentdisposition":756150000,"displayorder":2,"enabletracking":false,"excludefromsearch":true,"hiddenfromsitemap":false,"parentpageid":"8bc31e9d-6d7c-451f-a670-68041928e612","partialurl":"theme.css","publishingstateid":"6e339278-347b-4c19-95ce-782b066f7454"}</content>
  <filecontent mimetype="application/octet-stream">theme.css</filecontent>
  <iscustomizable>1</iscustomizable>
  <name>theme.css</name>
  <powerpagecomponenttype>3</powerpagecomponenttype>
  <powerpagesiteid>
    <powerpagesiteid>85c0ce8d-df89-4ea2-877e-017c0b9df2b7</powerpagesiteid>
  </powerpagesiteid>
  <statecode>0</statecode>
  <statuscode>1</statuscode>
</powerpagecomponent>