<powerpagecomponent powerpagecomponentid="e3f69b98-deca-4a8c-8333-d4a2d4004fba">
  <content>{"description":"Override query for site search, to apply additional weights and filters. @Query is the query text entered by a user. Lucene query syntax reference: http://lucene.apache.org/core/old_versioned_docs/versions/2_9_1/queryparsersyntax.html","value":"+(@Query) _title:(@Query) _logicalname:knowledgearticle~0.9^0.3 _logicalname:annotation~0.9^0.25 _logicalname:adx_webpage~0.9^0.2 -_logicalname:adx_webfile~0.9 adx_partialurl:(@Query) _logicalname:adx_blogpost~0.9^0.1 -_logicalname:adx_communityforumthread~0.9"}</content>
  <iscustomizable>1</iscustomizable>
  <name>search/query</name>
  <powerpagecomponenttype>9</powerpagecomponenttype>
  <powerpagesiteid>
    <powerpagesiteid>85c0ce8d-df89-4ea2-877e-017c0b9df2b7</powerpagesiteid>
  </powerpagesiteid>
  <statecode>0</statecode>
  <statuscode>1</statuscode>
</powerpagecomponent>