<powerpagecomponent powerpagecomponentid="a9e71062-cf90-4dd2-bd65-91690600da0a">
  <content>{"createdOn":"2024-04-24T15:04:07.997Z","parentpageid":"8bc31e9d-6d7c-451f-a670-68041928e612","publishingstateid":"6e339278-347b-4c19-95ce-782b066f7454","partialurl":"Bottle-of-water.jpg","title":"","summary":"","enabletracking":false,"excludefromsearch":false,"hiddenfromsitemap":false}</content>
  <filecontent mimetype="image/jpeg">Bottle-of-water.jpg</filecontent>
  <iscustomizable>1</iscustomizable>
  <name>Bottle-of-water.jpg</name>
  <powerpagecomponenttype>3</powerpagecomponenttype>
  <powerpagesiteid>
    <powerpagesiteid>85c0ce8d-df89-4ea2-877e-017c0b9df2b7</powerpagesiteid>
  </powerpagesiteid>
  <statecode>0</statecode>
  <statuscode>1</statuscode>
</powerpagecomponent>