<powerpagecomponent powerpagecomponentid="dcc24e75-daa8-402f-89cf-13a67c1db224">
  <content>{"createdOn":"2024-04-23T13:40:27.986Z","parentpageid":"8bc31e9d-6d7c-451f-a670-68041928e612","publishingstateid":"6e339278-347b-4c19-95ce-782b066f7454","partialurl":"Forklift-lifting-a-container-in-the-yard.jpg","title":"","summary":"","enabletracking":false,"excludefromsearch":false,"hiddenfromsitemap":false}</content>
  <filecontent mimetype="image/jpeg">Forklift-lifting-a-container-in-the-yard.jpg</filecontent>
  <iscustomizable>1</iscustomizable>
  <name>Forklift-lifting-a-container-in-the-yard.jpg</name>
  <powerpagecomponenttype>3</powerpagecomponenttype>
  <powerpagesiteid>
    <powerpagesiteid>85c0ce8d-df89-4ea2-877e-017c0b9df2b7</powerpagesiteid>
  </powerpagesiteid>
  <statecode>0</statecode>
  <statuscode>1</statuscode>
</powerpagecomponent>