<powerpagecomponent powerpagecomponentid="adde0598-f88b-4fc0-827e-6a52652d5cac">
  <content>{"createdOn":"2024-04-23T13:31:07.401Z","parentpageid":"8bc31e9d-6d7c-451f-a670-68041928e612","publishingstateid":"6e339278-347b-4c19-95ce-782b066f7454","partialurl":"Orangutan-face.jpg","title":"","summary":"","enabletracking":false,"excludefromsearch":false,"hiddenfromsitemap":false}</content>
  <filecontent mimetype="image/jpeg">Orangutan-face.jpg</filecontent>
  <iscustomizable>1</iscustomizable>
  <name>Orangutan-face.jpg</name>
  <powerpagecomponenttype>3</powerpagecomponenttype>
  <powerpagesiteid>
    <powerpagesiteid>85c0ce8d-df89-4ea2-877e-017c0b9df2b7</powerpagesiteid>
  </powerpagesiteid>
  <statecode>0</statecode>
  <statuscode>1</statuscode>
</powerpagecomponent>