<powerpagecomponent powerpagecomponentid="7da1e2dc-8ccb-4018-832b-2662a25b4d0d">
  <content>{"display_name":"Header/Search/ToolTip","type":756150000,"value":"search\r\n"}</content>
  <iscustomizable>1</iscustomizable>
  <name>Header/Search/ToolTip</name>
  <powerpagecomponenttype>7</powerpagecomponenttype>
  <powerpagesiteid>
    <powerpagesiteid>85c0ce8d-df89-4ea2-877e-017c0b9df2b7</powerpagesiteid>
  </powerpagesiteid>
  <powerpagesitelanguageid>
    <powerpagesitelanguageid>2d45039e-31ad-4637-af16-4022cf63d280</powerpagesitelanguageid>
  </powerpagesitelanguageid>
  <statecode>0</statecode>
  <statuscode>1</statuscode>
</powerpagecomponent>