<powerpagecomponent powerpagecomponentid="1baa8581-6d85-4529-854a-ad6cea67608b">
  <content>{
  "filecontent": null,
  "disablepagevalidation": false,
  "displayimageonly": false,
  "displayorder": 2,
  "displaypagechildlinks": false,
  "openinnewwindow": false,
  "pageid": "d56dd053-d714-4f1a-a180-b5cd3c8332da",
  "publishingstateid": "6e339278-347b-4c19-95ce-782b066f7454",
  "robotsfollowlink": true,
  "weblinksetid": "56e0dd20-2e35-466d-ab96-d630d62f13cd"
}</content>
  <iscustomizable>1</iscustomizable>
  <name>Menu</name>
  <powerpagecomponenttype>5</powerpagecomponenttype>
  <powerpagesiteid>
    <powerpagesiteid>85c0ce8d-df89-4ea2-877e-017c0b9df2b7</powerpagesiteid>
  </powerpagesiteid>
  <statecode>0</statecode>
  <statuscode>1</statuscode>
</powerpagecomponent>