<powerpagecomponent powerpagecomponentid="c27f8805-5069-433a-be64-ef18d8b340c3">
  <content>{"createdOn":"2024-04-24T13:37:00.017Z","parentpageid":"8bc31e9d-6d7c-451f-a670-68041928e612","publishingstateid":"6e339278-347b-4c19-95ce-782b066f7454","partialurl":"Barbell-on-rubber-mat-on-floor-next-to-window.jpg","title":"","summary":"","enabletracking":false,"excludefromsearch":false,"hiddenfromsitemap":false}</content>
  <filecontent mimetype="image/jpeg">Barbell-on-rubber-mat-on-floor-next-to-window.jpg</filecontent>
  <iscustomizable>1</iscustomizable>
  <name>Barbell-on-rubber-mat-on-floor-next-to-window.jpg</name>
  <powerpagecomponenttype>3</powerpagecomponenttype>
  <powerpagesiteid>
    <powerpagesiteid>85c0ce8d-df89-4ea2-877e-017c0b9df2b7</powerpagesiteid>
  </powerpagesiteid>
  <statecode>0</statecode>
  <statuscode>1</statuscode>
</powerpagecomponent>