<powerpagecomponent powerpagecomponentid="ed7779c9-7b92-46ad-8108-7ae8804e42fa">
  <content>{"createdOn":"2024-04-24T15:07:12.050Z","parentpageid":"8bc31e9d-6d7c-451f-a670-68041928e612","publishingstateid":"6e339278-347b-4c19-95ce-782b066f7454","partialurl":"Rolled-oats-in-wooden-bowl-and-table.jpg","title":"","summary":"","enabletracking":false,"excludefromsearch":false,"hiddenfromsitemap":false}</content>
  <filecontent mimetype="image/jpeg">Rolled-oats-in-wooden-bowl-and-table.jpg</filecontent>
  <iscustomizable>1</iscustomizable>
  <name>Rolled-oats-in-wooden-bowl-and-table.jpg</name>
  <powerpagecomponenttype>3</powerpagecomponenttype>
  <powerpagesiteid>
    <powerpagesiteid>85c0ce8d-df89-4ea2-877e-017c0b9df2b7</powerpagesiteid>
  </powerpagesiteid>
  <statecode>0</statecode>
  <statuscode>1</statuscode>
</powerpagecomponent>