<powerpagecomponent powerpagecomponentid="41641aa2-f0ef-6ca1-e0b3-1e4bdaa3e28d">
  <content>{
  "filecontent": null,
  "displayorder": 7,
  "weblinksetid": "56e0dd20-2e35-466d-ab96-d630d62f13cd",
  "pageid": "20afefa2-fce8-af26-a0dd-76b8910c471c",
  "publishingstateid": "6e339278-347b-4c19-95ce-782b066f7454",
  "displaypagevalidation": false,
  "displayimageonly": false,
  "displaypagechildlinks": false,
  "openinnewwindow": false,
  "robotsfollowlink": true,
  "parentweblinkid": "1baa8581-6d85-4529-854a-ad6cea67608b"
}</content>
  <iscustomizable>1</iscustomizable>
  <name>Loja</name>
  <powerpagecomponenttype>5</powerpagecomponenttype>
  <powerpagesiteid>
    <powerpagesiteid>85c0ce8d-df89-4ea2-877e-017c0b9df2b7</powerpagesiteid>
  </powerpagesiteid>
  <statecode>0</statecode>
  <statuscode>1</statuscode>
</powerpagecomponent>