<powerpagecomponent powerpagecomponentid="90d4f2dc-a034-45e4-96b4-b99fc293b35e">
  <content>{"enablerating":false,"enabletracking":false,"excludefromsearch":true,"feedbackpolicy":756150000,"hiddenfromsitemap":true,"isroot":true,"pagetemplateid":"a02830d6-3835-43b0-882e-9678b251695e","parentpageid":"8bc31e9d-6d7c-451f-a670-68041928e612","partialurl":"access-denied","publishingstateid":"6e339278-347b-4c19-95ce-782b066f7454","sharedpageconfiguration":false}</content>
  <iscustomizable>1</iscustomizable>
  <name>Access Denied</name>
  <powerpagecomponenttype>2</powerpagecomponenttype>
  <powerpagesiteid>
    <powerpagesiteid>85c0ce8d-df89-4ea2-877e-017c0b9df2b7</powerpagesiteid>
  </powerpagesiteid>
  <searchcontent>Access Denied</searchcontent>
  <statecode>0</statecode>
  <statuscode>1</statuscode>
</powerpagecomponent>