<powerpagecomponent powerpagecomponentid="fa2c5af0-5936-4c2b-a6b6-7d0b635c2484">
  <content>{"createdOn":"2024-04-23T13:38:56.146Z","parentpageid":"8bc31e9d-6d7c-451f-a670-68041928e612","publishingstateid":"6e339278-347b-4c19-95ce-782b066f7454","partialurl":"Port-town-at-sunset.jpg","title":"","summary":"","enabletracking":false,"excludefromsearch":false,"hiddenfromsitemap":false}</content>
  <filecontent mimetype="image/jpeg">Port-town-at-sunset.jpg</filecontent>
  <iscustomizable>1</iscustomizable>
  <name>Port-town-at-sunset.jpg</name>
  <powerpagecomponenttype>3</powerpagecomponenttype>
  <powerpagesiteid>
    <powerpagesiteid>85c0ce8d-df89-4ea2-877e-017c0b9df2b7</powerpagesiteid>
  </powerpagesiteid>
  <statecode>0</statecode>
  <statuscode>1</statuscode>
</powerpagecomponent>