<powerpagecomponent powerpagecomponentid="cd82a4c5-0121-4108-b2d7-fef2d5d84df2">
  <content>{"createdOn":"2024-04-23T13:42:12.870Z","parentpageid":"8bc31e9d-6d7c-451f-a670-68041928e612","publishingstateid":"6e339278-347b-4c19-95ce-782b066f7454","partialurl":"Golden-Gate-Bridge-in-fog.jpg","title":"","summary":"","enabletracking":false,"excludefromsearch":false,"hiddenfromsitemap":false}</content>
  <filecontent mimetype="image/jpeg">Golden-Gate-Bridge-in-fog.jpg</filecontent>
  <iscustomizable>1</iscustomizable>
  <name>Golden-Gate-Bridge-in-fog.jpg</name>
  <powerpagecomponenttype>3</powerpagecomponenttype>
  <powerpagesiteid>
    <powerpagesiteid>85c0ce8d-df89-4ea2-877e-017c0b9df2b7</powerpagesiteid>
  </powerpagesiteid>
  <statecode>0</statecode>
  <statuscode>1</statuscode>
</powerpagecomponent>